상품명,카테고리
존쿡 델리미트 이탈리안 살라미 오리지널&치즈 40g,햄/소시지(통조림/병제외)
머거본 꿀땅콩 70g,건식품
해왕 국물용.대멸치 150g,건포류
토농이 씨앗믹스 250g,건식품
동원 스위트콘 198g,농산물통조림/병
프레시안 더(The) 건강한 햄 540g,햄/소시지(통조림/병제외)
해맑음 국물용멸치 450g,건포류
사회적협동조합제주이어도지역자활센터 제주톡말린감귤 20g,건식품
프레시안 토종김(참기름) 30g,해조류
육공방 비엔나 치즈 260g,햄/소시지(통조림/병제외)
Organic Story 유기농딸기잼 300g,농산물통조림/병
Tom's Farm 1982 허니버터 호두 170 g,건식품
Johnsonville 핫 앤드 스파이시 스모크 소시지 (HOT & SPICY SMOKED SAUSAGE) 396g,햄/소시지(통조림/병제외)
청우림 장작구이맛김밥햄 100g,햄/소시지(통조림/병제외)
오씨아니통단팥 3 kg,농산물통조림/병
Bellota-Bellota 로모 벨로타 이베리코 포크 레드 로인 30g,햄/소시지(통조림/병제외)
황태채 200g,건포류
목우촌 신선도원 비엔나 91 460g,햄/소시지(통조림/병제외)
와사비맛아몬드 30g,건식품
복음자리 호두바닐라 스프레드 130g,농산물통조림/병
조미김가루 60g,해조류
존쿡델리미트 잠봉 250g,햄/소시지(통조림/병제외)
동원 판타스틱 스파이시 60g,조미육가공
홍대감 치즈육포 60g,조미육가공
카오숑 라이스 크래커 믹스,건식품
염장곰피 200g,해조류
하림매콤닭강정 250g,조미육가공
사조 담백하게 더 맛있는 참치 60g,수산물통조림/병
건배 순쇠고기우육포 20g,조미육가공
플랜터스 쏠티드피넛/허니로스트 피넛 56g (28g x 2),건식품
롯데 그릴비엔나,햄/소시지(통조림/병제외)
오하루 자연가득 국내산 맛밤 50g,건식품
라면에 넣어먹는 동원라면참치 살코기 참치 65g,수산물통조림/병
사조참치 사조마일드참치 안심따개 100g,수산물통조림/병
청정원 안주야 양념벌집껍데기 260g,조미육가공
Well & Good 맛있는풍경 야채 김자반볶음 40g,해조류
지도표 성경 녹차김 5봉지,해조류
양반 김치 160g,농산물통조림/병
쥐포愛반하다 올리브유로구운참쥐포채 150g,건포류
비비고 한식김자반 볶음고추장맛 50g,해조류
계절어보 바로먹는 매운꽁치,수산물통조림/병
사조참치 사조포도씨유참치 150g,수산물통조림/병
coco lopez 코코 로페즈 크림 오브 코코넛 425g,농산물통조림/병
참작 순살샌드위치햄 120g,햄/소시지(통조림/병제외)
건강한한끼 동원 통그릴후랑크 160g,햄/소시지(통조림/병제외)
들기름을 섞어 바삭바삭 고소하게 구워낸 재래김 3봉,해조류
지도표 성경 녹차 식탁김 64g,해조류
피코크 울트라빅 오리지널 후랑크 90g,햄/소시지(통조림/병제외)
존쿡 델리미트 킬바사,햄/소시지(통조림/병제외)
The 더건강한 그릴김밥햄,햄/소시지(통조림/병제외)
알래스카연어 깔끔하게 매운 맛 405g,수산물통조림/병
양반 참기름김 64g,해조류
양반 히말라야소금김 100g,해조류
진양 완두 400g,농산물통조림/병
샘표 질러 부드러운 육포 30g,조미육가공
DONGWON 동원 구운 골뱅이 230g,수산물통조림/병
임자도 名品 갯벌김 35 g,해조류
다보라즈베리잼 450g,농산물통조림/병
삼포 푸드마크 국내산 자연산 골뱅이 230g,수산물통조림/병
청정원 참나무로 훈연한 프랑크 500g,햄/소시지(통조림/병제외)
늘푸른 FOOD 늘푸른할라피뇨 3kg,농산물통조림/병
Green Nut 구운캐슈너트 200g,건식품
뚝딱참치 볶음장 100g,수산물통조림/병
칼몬드 350g,건식품
샹달프 샹.달프 딸기잼 284g,농산물통조림/병
사조 참 고소한 재래김 20g,해조류
복음자리 바로 짜먹는 망고잼 100g,농산물통조림/병
청정원 건강생각 프랑크 480g,햄/소시지(통조림/병제외)
백설 그릴후랑크 할라피뇨 600g,햄/소시지(통조림/병제외)
롯데햄 롯데 야채맛소시지 190g,햄/소시지(통조림/병제외)
해의락파래광천김 64g,해조류
맛있는 풍경 유기농 채소요거트 50g,건식품
복음자리 통통단팥 120g,농산물통조림/병
Ambro 건포도 1 KG,건식품
오씨아니 완두콩 400g,농산물통조림/병
바로먹는 구운 병아리콩 230 g,건식품
동원 깐포도 400g,농산물통조림/병
오징어는땅콩을좋아해,건포류
Fratelli 렌즈콩 400g,농산물통조림/병
소문난 삼부자 돌자반볶음 70g,해조류
가현김자반 명란맛 15g,해조류
동원홈푸드 로스티드코코넛팬시 93g,건식품
동원알래스카연어살코기 100g,수산물통조림/병
델립 와인갈릭햄 1kg,햄/소시지(통조림/병제외)
백설햄 한입쏙 비엔나 105g,햄/소시지(통조림/병제외)
청정원 콰트로치즈 그릴프랑크 300g,햄/소시지(통조림/병제외)
오뚜기 고추참치 100g,수산물통조림/병
동원 야채참치,수산물통조림/병
롯데햄 엔네이처 빅그릴비엔나 260g,햄/소시지(통조림/병제외)
광천김 참 맛있는 광천 재래김 64g,해조류
Armella 아멜라 헤이즐넛 크림 (ARMELLA HAZELNUT CREAM WITH COCOA) 350g,농산물통조림/병
동원 그릴리 골든 베이컨 오리지널 140g,조미육가공
유동 자연산 골뱅이 140g,수산물통조림/병
해맑은푸드 조미쥐치포(삼천포 국산 쥐포) 200g,건포류
CJ 계절어보 맛골뱅이 300g,수산물통조림/병
KC 소문난 광천김 김가루 재래 1kg,해조류
PLANTERS 플랜터스 믹스넛 라이트 292g,건식품
DRY & FISH 무첨가 백진미 150g,건포류
올품 무항생제 닭볶음탕용 800g,조미육가공
동원 캠핑&통그릴 두툼베이컨 300g,햄/소시지(통조림/병제외)
사조오양 케이크소시지 1kg,햄/소시지(통조림/병제외)
해울찬만다린오렌지 3000그램 (고형분 1650그램),농산물통조림/병
프라임 리얼 치즈 비엔나,햄/소시지(통조림/병제외)
몬테사노 세라노 그란 리세르바 햄 슬라이스 120g,햄/소시지(통조림/병제외)
동원 쌈장참치 매운맛 100g,수산물통조림/병
고먹(오리지날) 24g,건포류
유동 순살 왕꼬막 280g,수산물통조림/병
맛진미오징어 500g,건포류
해청식품 초록쥐포 160+160,건포류
해초샐러드 300g,해조류
HBAF 마늘빵 아몬드 100g (10g x 10EA),건식품
동원 매운 고추참치 100g,수산물통조림/병
Tom's 떡볶이맛아몬드 150 g,건식품
woodstock 우드스탁 유기농 톰슨 씨없는 건포도 369g,건식품
청정원 리치부어스트 230g,햄/소시지(통조림/병제외)
Andan Jam 안단 저칼로리 백도복숭아잼 220g,농산물통조림/병
하림 무항생제 통닭 830g,조미육가공
좋은세상 믹스넛츠 300g,건식품
길림양행 HBAF 구운양파병아리콩 150g,건식품
DRY& FISH 가쓰오부시 50g,건포류
CJ 스팸 리치치즈 900g (300g x 3캔),축산물통조림/병
철판구이오징어와 볶음땅콩,건포류
청정원 츄앤리얼감 114g,건식품
리치스 슬라이스 블랙올리브(Richis Sliced Black Olives) 400g,농산물통조림/병
만전김 무가미 일회조 곱창돌김 3g,해조류
백설 숯불구이맛 김밥햄 110g 110g,햄/소시지(통조림/병제외)
해우촌 해남산소리재래김 100 g (20 gx5봉),해조류
바로선 건포도 500g (±5g),건식품
Dry&Fish 맥반석오징어 170g,건포류
Johnsonville 갈릭브랏 (GARLIC BRATS) 396g,햄/소시지(통조림/병제외)
지도표재래식성경도시락김 20g,해조류
소문난한가족김(식탁) 15g,해조류
동표각시골뱅이 400g,수산물통조림/병
한성기업 통통소세지 1kg,햄/소시지(통조림/병제외)
DRY&FISH 대왕오징어다리 180g,건포류
유동고등어 400g,수산물통조림/병
롯데푸드 빙수팥 3kg,농산물통조림/병
건국햄 쿡살라미 250g,햄/소시지(통조림/병제외)
LOTTE FOODS 큰구슬 골뱅이 400g,수산물통조림/병
동원 고소한 꽁치 600g,수산물통조림/병
타오케노이 크리스피 씨위드 [와사비] 32g,해조류
청해거상 황토가마건조 부드러운 실미역 80g,해조류
Tom's 떡볶이맛 아몬드 10g,건식품
슈페리어 프랑크소시지 454g,햄/소시지(통조림/병제외)
만전김 만지도 무산김 90g,해조류
Dry&Fish 백진미오징어 300 g,건포류
Tom's Farm 1982 와사비맛 아몬드 600 g,건식품
동원알래스카연어데리야끼 135g,수산물통조림/병
치즈맛오징어 35g,건포류
동원 조이락 슬라이스 오이피클 3000g,농산물통조림/병
토농이 프리미엄 요거트믹스 250g,건식품
PEACOCK 골뱅이 400g,수산물통조림/병
청정원 NEW(뉴)스모크 1kg,햄/소시지(통조림/병제외)
"리챔 오리지널 1,200g",축산물통조림/병
샘표 바로바로 요리하는 꼬막 140g,수산물통조림/병
CJ제일제당 그릴후랑크 갈릭 300g,햄/소시지(통조림/병제외)
Dry & Fish 쫀득한 황태(간장맛) 140 g,건포류
Pulmuone 주먹밥대장 볶은김 30g,해조류
백설햄 켄터키 후랑크 1kg,햄/소시지(통조림/병제외)
굿모닝서울 빙수팥 3kg,농산물통조림/병
덴마크햄 덴마크 후랑크 500g,햄/소시지(통조림/병제외)
다향 육즙가득 부드럽게 씹히는 오리스테이크 400g,조미육가공
홍진미오징어 300g,건포류
건조 망고 슬라이스 60g,건식품
항진축산 냉장육 소고기육포 560g(70g x 8개입),조미육가공
"팔돈막창 한방생막창 500g (양념돼지막창 420g, 123막창소스 80g)",조미육가공
샘표 우리엄마 더덕장아찌 90g,농산물통조림/병
동원구운왕꼬막 280g,수산물통조림/병
요리하다 고기순대 500g,조미육가공
머거본 참나무 바베큐 직화육포 35g,조미육가공
SAJO 캠프&하우스 킬바사 180g,햄/소시지(통조림/병제외)
로스팜 라이트 340g,축산물통조림/병
KAYA HOUSE 카야하우스 프리미엄 카야 그린 (Kaya House Premium Kaya Green) 280g,농산물통조림/병
FERRARINI 모르타델라 위드 피스타치오 120g,햄/소시지(통조림/병제외)
육공방 생소시지 유러피안 허브&트리플치즈 500g,햄/소시지(통조림/병제외)
담과연 볶음땅콩 180 g,건식품
동원 고소한 고등어 300g,수산물통조림/병
FLAVOR KING 후레이버킹후랑크소시지 454g,햄/소시지(통조림/병제외)
두 번 구운 김밥김 18g (8매),해조류
존쿡 델리미트 까챠토레 150 g,햄/소시지(통조림/병제외)
바로선 튀김땅콩 350g (±5g),건식품
맛있는 스모크 비엔나 100g,햄/소시지(통조림/병제외)
HBAF 군옥수수맛 아몬드 100g (10g x 10EA),건식품
우원식품 상큼한 블루베리칩 14g,건식품
하림 슬림 닭가슴살 라이트 150g,축산물통조림/병
바로선 프리미엄 믹스너트 850g(±5g),건식품
오뚜기 사과쨈 300g,농산물통조림/병
브라질너츠 200g,건식품
동원 깻잎 매콤한 맛 90g,농산물통조림/병
농협 황태피포 1마리,건포류
올품 무항생제 닭가슴살 600g,조미육가공
삼원네이처 제주 드림 풋귤잼 180g,농산물통조림/병
온리 프라이스 온리프라이스 국내산 돼지고기로 만든 비엔나 520g,햄/소시지(통조림/병제외)
성경김자반 새우멸치 55g,해조류
동원 상상육포 데리야끼맛 40g,조미육가공
GENTLE MATTO 슬림모어 방울토마토칩 25g,건식품
삼포 푸드마크 칼칼한 번데기탕 230g,수산물통조림/병
캔딜라스 6종 산속과일잼 230g,농산물통조림/병
하이난 카야 260g,농산물통조림/병
가현김자반 오리지널 60 g,해조류
Dry&Fish 구운참진미 250 g,건포류
농협 자른황태 400g,건포류
CJ The 더건강한 부드러운 닭가슴살 직화통살구이 1kg (100g x 10개입),햄/소시지(통조림/병제외)
롯데햄 의성 마늘햄 360g,햄/소시지(통조림/병제외)
Tom's Farm1982 인절미아몬드 120g,건식품
노브랜드 망고잼 800g,농산물통조림/병
Tom's 흑당밀크티 아몬드 20g,건식품
샘표 바로먹는 김치꽁치조림 260g,수산물통조림/병
넛츠팜 구운피스타치오 450g,건식품
한양식품 오징어 불고기 버터구이 30g,건포류
Super Nuts 슈퍼너츠 피넛버터 스무스 300g,농산물통조림/병
영덕게딱지장 90g,수산물통조림/병
청정원 올리브유 재래김 3개,해조류
Tom's Farm 1982 허니버터땅콩 120g,건식품
델리카테센 롯데햄 본레스햄 500g,햄/소시지(통조림/병제외)
동원 캠핑&통그릴 부어스트 500g,햄/소시지(통조림/병제외)
HBAF 흑임자 아몬드 100g (10g x 10EA),건식품
프레시안 더(The)건강한 그릴스테이크 420g,햄/소시지(통조림/병제외)
델몬트 후레쉬컷 황도 2절 825g,농산물통조림/병
테일러 말린 통 크랜베리 40g,건식품
정성가득 반찬가게 초이스엘 쫄깃하고매콤한오징어채 80g,수산물통조림/병
신송 황도 410g,농산물통조림/병
Tom's Farm 1982 와사비맛땅콩 120g,건식품
신선도원 무설탕 딸기쨈 280g,농산물통조림/병
피쇼 슈퍼 테이스티 30g,건포류
헌트 토마토페이스트 3.15kg,농산물통조림/병
"대림선 켄터키 후랑크 1,000 g",햄/소시지(통조림/병제외)
이마트 맛있는 소시지 오징어맛 160g,햄/소시지(통조림/병제외)
Jae Kae Noi 타오케노이 빅롤 클래식 18g,해조류
동원 순닭가슴살 매운불닭 270g,축산물통조림/병
이춘복의 비법 고소한 치즈육포 30g,조미육가공
구운캐슈넛 20g,건식품
국산 천일염으로 맛을 낸 재래김 5g,해조류
발투센유기농칙피 350g,농산물통조림/병
지도표 성경 돌김 100g,해조류
ST.DALFOUR 샹.달프 라즈베리 앤 석류잼 28g,농산물통조림/병
사조 담백한 살코기 연어 90g,수산물통조림/병
먹었다.초록향에 반했다.발효뽕잎,건식품
동원 미니언즈 악동매콤참치 100g,수산물통조림/병
DONGWON 상상 버터오징어 60 g,건포류
로하이 런천미트 340g,축산물통조림/병
수월한 양념무뼈닭발 350g,조미육가공
대림선 참피온 소세지 500g,햄/소시지(통조림/병제외)
깔끔하게 매운 순살 왕꼬막,수산물통조림/병
화과방 통단팥 850g,농산물통조림/병
Tom's Farm1982 마늘빵아몬드 210g,건식품
inviva 사과칩 20g,건식품
황태포 40g이상,건포류
머거본 콘소메맛아몬드 130g,건식품
CJ The 더건강한 그릴비엔나 200g,햄/소시지(통조림/병제외)
SPAM 스팸 클래식 1.81kg,축산물통조림/병
WellfooNuts 믹스너트 960g,건식품
초이스엘 자연산골뱅이 230g,수산물통조림/병
종가집 돼지고기 메추리알 장조림 200g,축산물통조림/병
리챔 오리지널,햄/소시지(통조림/병제외)
하림 훈제치킨 600g,햄/소시지(통조림/병제외)
애플시나몬잼 300g,농산물통조림/병
eLPOZO 엘포조 하몽 세라노 60g,햄/소시지(통조림/병제외)
요구르트아몬드 30g,건식품
농업회사법인 주식회사 설악산그린푸드 건무시래기,건식품
"바프 썸머팩 600g (마늘빵아몬드 40g x 5EA, 허니버터아몬드 40g x 5EA, 군옥수수맛아몬드 40g x 5EA)",건식품
리치스 그린 올리브(Richis Green Olives) 365g,농산물통조림/병
가현김자반 와사비맛 15g,해조류
MACKAYS 핑크자몽 마멀레이드 340g,농산물통조림/병
Tom's 꿀유자맛아몬드 200g,건식품
코주부 유기농 순육포 HOT 40g,조미육가공
청우림 스모크비엔나 1000g,햄/소시지(통조림/병제외)
삼밥둥(삼손 밥에 넣어 먹는 둥굴레) 100g,건식품
복음자리 카야잼 플레인 240g,농산물통조림/병
동원 오븐구이육포 50g,조미육가공
샘표 우리엄마 멸치볶음 50g,수산물통조림/병
복음자리 딸기잼 640g,농산물통조림/병
리챔 오리지널 340g,축산물통조림/병
복음자리 라따뚜이 토마토&바질 280g,농산물통조림/병
대림선 강황을 먹고 자란 신선 오리 슬라이스 500g,조미육가공
백설 양념후랑크 360g,햄/소시지(통조림/병제외)
피코크 훈제순살슬라이스 200g,햄/소시지(통조림/병제외)
목우촌 닭고기(가슴살) 1kg,조미육가공
Saratoga PEANUT BUTTER 메이저 메이플 허니 땅콩버터 453g,농산물통조림/병
"아워홈 남산왕돈까스 남산왕돈까스 1120g, 추억의돈까스소스 240g",조미육가공
요리하다 샌드위치햄 90g,햄/소시지(통조림/병제외)
청정원 양파와 마늘로 맛있게 재운 스모크햄 300g,햄/소시지(통조림/병제외)
해남땅끝 산소마을 김(돌김),해조류
대림선 휠터치 80g,햄/소시지(통조림/병제외)
CJ 계절어보 맛골뱅이 150g,수산물통조림/병
유기식품 두번 구워 더욱 바삭한 재래김 20g,해조류
국산 참기름 광천김,해조류
마른오징어 75g,건포류
맥스봉 리치치즈 200g,햄/소시지(통조림/병제외)
Dole 황도 2절 410g,농산물통조림/병
동원참치 펭수참치 135 g,수산물통조림/병
삼계탕 속재료모음 80g,건식품
백설 오리지널 후랑크 500g,햄/소시지(통조림/병제외)
AMBRO 구운아몬드 800g,건식품
PEACOCK 쟌슨빌 할라피뇨 소시지 위드 치즈 396g,햄/소시지(통조림/병제외)
청정원 망고&파인애플쨈 370g,농산물통조림/병
코코넛진미오징어채 250g,건포류
황태포 1마리,건포류
DRY&FISH 전기구이 진미오징어 150g,건포류
롯데비엔나 명작 380g,햄/소시지(통조림/병제외)
DONGWON 육포먹는 밤 4개입,조미육가공
동원홈푸드 건조코코넛 팬시스레드 70g,건식품
목우촌 프라임 치즈프랑크소시지 500g,햄/소시지(통조림/병제외)
오뚜기 황도 슬라이스 400g,농산물통조림/병
자연이 준 선물 볶음땅콩 500g,건식품
Fisher 피셔 버터토피 피넛 1.19kg,건식품
CJ프레시웨이 싱싱하고 통통한 꽁치 1.88kg,수산물통조림/병
해표 광천김 60g,해조류
백설햄 켄터키후랑크 150g,햄/소시지(통조림/병제외)
FiNE 후르츠칵테일 인 시럽 350g,농산물통조림/병
계절어보 맛골뱅이 150g,수산물통조림/병
열매누리 건조크랜베리 160g,건식품
제주통감귤 12g,건식품
프레시안 삼호요리어묵 김밥어묵 120g,햄/소시지(통조림/병제외)
키스틱 프로틴바 100g X 13봉지,햄/소시지(통조림/병제외)
길림양행 허니버터호두 220g,건식품
청정원 사브작 오븐 슬라이스 육포 오리지널 80g,조미육가공
"동원참치 살코기 덕용 1,880 g",수산물통조림/병
성경 재래식 파래김 48g,해조류
좋은세상 튀김땅콩(대) 800g,건식품
피자구이오징어,건포류
쓰리스푼 네가지 베리잼 200 g,농산물통조림/병
오뚜기 옛날 김자반 50g,해조류
GLORY 싱가포르 카야 레스슈가 250g,농산물통조림/병
리챔 오리지널 720g (120g X 6캔),축산물통조림/병
Tom's Farm 1982 허니버터아몬드 30 g,건식품
하림 요리비엔나 1000g,햄/소시지(통조림/병제외)
청정원 칼라마타 올리브 220g,농산물통조림/병
토농이 씨앗믹스 550g,건식품
토농이 웰빙 블루베리 아몬드믹스 400g,건식품
Fresco 망고 슬라이스 415g,농산물통조림/병
동원 황금복숭아 410g,농산물통조림/병
로로떼떼 파인애플100% 파인애플칩 12g,건식품
프레스코 훈제굴 85g,수산물통조림/병
동원 구운 오징어 280g,조미육가공
류씨네 건고추 200g,건식품
동원 통그릴비엔나 동물친구들 550g,햄/소시지(통조림/병제외)
동원 고추참치 135g 135g,수산물통조림/병
ZUEGG 베리 쨈 (MIRTILLI SELVATICI CONFETTURA EXTRA) 320g,농산물통조림/병
참 고소한 김,해조류
풀무원 참기름을 섞어 더욱 고소하게 구워낸 재래김(재래도시락 9봉) 45g,해조류
쿠키앤크림아몬드 25g,건식품
육공방 할라피뇨후랑크 90g,햄/소시지(통조림/병제외)
토농이 건블루베리 280g,건식품
바다찬 수협 마른 다시마 300g,해조류
동원 더 퀴진 핫치폴레 부어스트 140g,햄/소시지(통조림/병제외)
DONGWON 동원참치 살코기 200g,수산물통조림/병
세움 구운피칸 450g,건식품
만전식품 곱창 돌김 세트 775g,해조류
블루베리잼 500g,농산물통조림/병
온리프라이스 육즙이 풍부한 후랑크 320g,햄/소시지(통조림/병제외)
경성 반건조 호박 군고구마 65g,건식품
노브랜드 리얼 데일리너츠 20g,건식품
초이스엘 CHOICE L REAL MIX NUTS 매일견과 크랜베리&요거트 200g,건식품
모듬소시지Ⅲ 410g,햄/소시지(통조림/병제외)
Purummam 순수자연 배칩 15g,건식품
해쉼 딸기칩 14g,건식품
황기 250g(±2%),건식품
유동 청양고추 골뱅이 300g,수산물통조림/병
해맑은푸드 황금오족(반건조 대왕발) 400g,건포류
쌈다시마 200g,해조류
광천 온천지 김 80g,해조류
진주식품 맥반석구이맛 오징어 30g,건포류
사조안심따개 찌개전용참치 340g (85g x 4캔),수산물통조림/병
국산오징어로만든백진미 180g,건포류
Vitabio 바이타비오 유기농 복숭아잼 290g,농산물통조림/병
동원 쫄깃 골뱅이 400g,수산물통조림/병
키토산진미오징어 200g,건포류
빵처럼맛있는 황태스틱 85g,건포류
자일리톤 아몬드 150g,건식품
팜덕 다향 닭가슴살슬라이스 순한맛 200g,햄/소시지(통조림/병제외)
잔다리하루한줌 콩 100g,건식품
오뚜기 김치찌개용 참치 135g,수산물통조림/병
풀무원 뿌려뿌려 샐러드 토핑 넛츠&베리 80g,건식품
"안주 왕 건포도 1,000g",건식품
그릭슈바인 육즙가득 부어스트 스모크 550g,햄/소시지(통조림/병제외)
머거본 호두 170g,건식품
same 세임 광천 새우멸치 돌자반볶음 40g,해조류
찬아름 오이피클 슬라이스 3000g,농산물통조림/병
Bonne Maman 본마망 복숭아 잼 (BONNE MAMAN PEACH JAM) 370g,농산물통조림/병
숯불갈비맛김밥햄 100g,햄/소시지(통조림/병제외)
델몬트 후레쉬컷 슬라이스 파인애플 (Del Monte Fresh Cut Slived Pineapple) 836g,농산물통조림/병
샘표 질러 부드러운 육포 70g,조미육가공
속살 황태채 150g,건포류
천하장사 더블링 참치마요 400g,햄/소시지(통조림/병제외)
좋은세상 건무화과 150g,건식품
토리식품 옥수수병조림 310g,농산물통조림/병
청정원 요리에 편리한 모듬햄 80g,햄/소시지(통조림/병제외)
아임닭 고추씨 송송 수제 매콤 닭가슴살 육포 20g,조미육가공
후랑크소세지 300g,햄/소시지(통조림/병제외)
청정원fresh 리치부어스트 칼집비엔나 300gx2개입,햄/소시지(통조림/병제외)
해왕 재래김 100장,해조류
CJ CHEILJEDANG 스팸 싱글 클래식,햄/소시지(통조림/병제외)
아기꼬야 배 12g,건식품
청정원 감츄 38g,건식품
GOOBER 구버 딸기 땅콩버터 340g,농산물통조림/병
오징어 숏다리 20g,건포류
제수포 70g이상,건포류
구운아몬드 550g,건식품
하나가득 하나로 자른다시마 250g,해조류
이반장 올리브유 광천김 32g,해조류
질러 저녁7시 치즈빠삭한닭 30g,조미육가공
볶음 캐슈넛 500 g,건식품
세임 광천 돌자반볶음 40g,해조류
한성기업 골뱅이 400g,수산물통조림/병
헌트 토마토페이스트 3.15kg,농산물통조림/병
하림슬림닭가슴살카나페 150g,축산물통조림/병
I'm DAK 국내산 매실로 숙성한 수제 닭가슴살 육포 20 g,조미육가공
오뚜기 수퍼스위트콘 340g,농산물통조림/병
해달음 광천김 25g,해조류
존쿡 코파 50g,햄/소시지(통조림/병제외)
대림선 본능에 맡기자 오븐구이 육즙에 빠지바 100g,햄/소시지(통조림/병제외)
HONEST PROJECT 너트한줌 [Fresh] 25g,건식품
바다가치 쌈다시마 800g,해조류
동원참치 동원 황다랑어 올리브유참치 150g,수산물통조림/병
Jinju 직화숯불구이바 70g,햄/소시지(통조림/병제외)
내아이애 우리아이 순한 김 1.5g,해조류
L/A100gX6캔+고추참치100gX2캔,수산물통조림/병
화과방 통단팥 3kg,농산물통조림/병
CIRIO 황도 슬라이스 411g,농산물통조림/병
해달음 들기름광천김 75g,해조류
하나 가쓰오 부시 50g,건포류
Penut Butter&Co. 피넛버터앤코 땅콩버터 크런치타임 454g,농산물통조림/병
금메달훈제삼겹살 400g이상,햄/소시지(통조림/병제외)
한돈 백종원의빽햄 340g,축산물통조림/병
golden tuscany 골든투스카니 필드토마토 800g,농산물통조림/병
"STONERIDGE ORCHARDS 스톤릿지 오처드 유기농 건믹스베리 - 블루베리, 사워체리, 크랜베리 혼합절임 - 113g",건식품
볶음아몬드 30g,건식품
이영숙 푸드 이영숙 나린 감귤 잼 200g,농산물통조림/병
초이스엘 맛있는 소시지 160g,햄/소시지(통조림/병제외)
건어채 넓은것 (조미건어채) 1000g,건포류
베베쿡 처음먹는 어린이김 순수 15g (1.5g x 10봉),해조류
백진미채 200g,건포류
고등어 400 g X 2캔,수산물통조림/병
동원 통그릴비엔나 원너 600g,햄/소시지(통조림/병제외)
씨버거 크랜베리 125g,건식품
CJ 스팸 핫앤스파이시 900g (300g x 3캔),축산물통조림/병
JOHNSONVILLE SAUSAGE LLC 스모크브라워스트 396g,햄/소시지(통조림/병제외)
마리오 피터드 블랙 오히블랑까 올리브 310g,농산물통조림/병
건국햄 로스햄 300~400g,햄/소시지(통조림/병제외)
발투센유기농스위트콘 340g,농산물통조림/병
사조참치 사조알바코참치 450g,수산물통조림/병
초원의 집 볶음땅콩 40g이상,건식품
동원 후루츠칵테일 836g,농산물통조림/병
아워홈 후레쉬햄오리지널 340g,축산물통조림/병
복음자리 빠삭한 달콤새우 8g,건포류
해표김(오징어맛) 2g,해조류
건강한 식탁 무말랭이 100g,건식품
동원 후레쉬 오이피클 425g,농산물통조림/병
아기꼬야 3종세트 39g,건식품
ACE Food 흑마늘 숙성 웰빙 오리훈제(슬라이스) 450g,조미육가공
MR.BIG 빅 후랑크 90g,햄/소시지(통조림/병제외)
하림 하얀속살 비엔나 273g,햄/소시지(통조림/병제외)
DHA 진미오징어채 200g,건포류
복음자리 빠삭한 달콤멸치 10g,건포류
Pulmuone 심콩 강낭콩 40g,건식품
POPKIM(팝김) 올리브유 김자반 55g,해조류
스페셜점보믹스 1.4kg,건식품
프레시안 더(The)건강한 브런치슬라이스 닭가슴살 100g,햄/소시지(통조림/병제외)
청정원 우리팜 330g,축산물통조림/병
오희숙 전통부각 다시마부각,해조류
청정원 사브작 오븐 슬라이스 육포 화끈한 맛 30g,조미육가공
육공방 드라이에이징 베이컨 260g,햄/소시지(통조림/병제외)
Tom's 꿀홍삼맛아몬드 200 g,건식품
KT Food 골든베리 500g,건식품
목우촌 원칙을 지키는 프랑크 250g,햄/소시지(통조림/병제외)
백설햄 새야채 소시지 270g,햄/소시지(통조림/병제외)
머거본 자이언트 칼몬드 800g,건식품
코주부육포 ORIGINAL 50g,조미육가공
사조오양 하이비엔나 1000g,햄/소시지(통조림/병제외)
하루의 쉼표... 핫다리 35g,건포류
조미쥐치포 160g,건포류
ONLY price 맛고구마 100g,건식품
말랑 파인애플 스틱,건식품
화풍 양송이 특편 2800g,농산물통조림/병
Andan Jam 안단 말차 코코넛잼 220g,농산물통조림/병
청정원 다양한 요리에 잘 어울리는 스모크햄 1kg,햄/소시지(통조림/병제외)
GOOBER 구버 포도 땅콩버터 340g,농산물통조림/병
수협꼴뚜기 150g,건포류
리챔 흑후추 340g,축산물통조림/병
SEA U AGAIN 미역줄기 300g,해조류
오뚜기 블루베리쨈 300g,농산물통조림/병
건크랜베리 500g,건식품
동원연어 동원 연어 135g,수산물통조림/병
하림 매콤닭바 80g,햄/소시지(통조림/병제외)
롯데햄 빅팜,햄/소시지(통조림/병제외)
캠프렌즈 콤비부어스트페스티벌 525g,햄/소시지(통조림/병제외)
매생이 100g,해조류
오뚜기 야채참치 540g(135g x 4캔),수산물통조림/병
피코크 갈릭 닭가슴살 140g,햄/소시지(통조림/병제외)
유동 자연산골뱅이 400g,수산물통조림/병
건배 건조소시지 35g,조미육가공
안주거리 숯불매운돼지껍데기 160g,조미육가공
WILKIN & SONS LTD 팁트리 딸기 잼 340g,농산물통조림/병
더건강한햄 더(The) 건강한햄 클래식 340g,축산물통조림/병
풀무원 꼬마 유부김밥 150g,햄/소시지(통조림/병제외)
훈제 닭가슴살 90g,햄/소시지(통조림/병제외)
원 올리브육포 250g,조미육가공
해왕 볶음용.세멸치 1kg,건포류
카오숑 커피 땅콩과자,건식품
길림양행 HBAF 마늘빵병아리콩 150g,건식품
제주팜플러스 프루낵(제주감귤) 18g,건식품
백설 정말 맛있는 소시지 160g,햄/소시지(통조림/병제외)
동원참치 김치찌개용 150g,수산물통조림/병
코주부 견과 육포 70g,조미육가공
DONGWON 미니언즈 고추참치 150 gX3캔 150 gX3캔,수산물통조림/병
마리아니 멕시칸 건망고 200g,건식품
오뚜기 햄,축산물통조림/병
코코넛칩 120g,건식품
올리브유 돌김 17g,해조류
유기농 사차인치 170g,건식품
평화나무농장 바질 소시지 200g,햄/소시지(통조림/병제외)
아라움 후라이드아라오징어 45g,건포류
고메 함박스테이크 540g,햄/소시지(통조림/병제외)
사조고추참치 안심따개 300g,수산물통조림/병
복음자리 유기농 딸기잼 360g,농산물통조림/병
맛고구마 180g,건식품
태성 비타민 견과 스페셜 300g,건식품
대림선 숯불구이맛 후랑크2 70g,햄/소시지(통조림/병제외)
Golden Grape (골든그레이프) 240g,농산물통조림/병
한성기업 야채소시지 140g,햄/소시지(통조림/병제외)
동원 그릴리 극한직화후랑크 70g,햄/소시지(통조림/병제외)
델립 잘재운 참구이 100g,햄/소시지(통조림/병제외)
Camfriends 콤비부어스트페스티벌 1050g (525g x 2),햄/소시지(통조림/병제외)
동원참치 살코기 빅 800g,수산물통조림/병
주부9단 비엔나소시지 540g,햄/소시지(통조림/병제외)
광천돌김 돌김(특) 100장,해조류
머거본 티라미수맛아몬드 180g,건식품
건다시마 200g,해조류
365매일견과 N.01 300g,건식품
츄앤디저트 푸룬호두 49g,건식품
이마트 알래스카연어 150g,수산물통조림/병
아이배냇 꼬마육포 닭가슴살 30g,조미육가공
롯데햄 알뜰소시지 500g,햄/소시지(통조림/병제외)
굿모닝너츠 믹스너트 600g,건식품
주부9단 김밥햄 510g,햄/소시지(통조림/병제외)
안옥남 명산지 기장미역 200g,해조류
비타민C가 첨가된 생생오징어 300g,건포류
백설한입쏙비엔나 380gX2,햄/소시지(통조림/병제외)
롯데푸드 롯데햄 의성마늘 프랑크 빅 90g,햄/소시지(통조림/병제외)
존쿡 프랑크프루터 240g,햄/소시지(통조림/병제외)
요리하다 브런치 베리비엔나 360g,햄/소시지(통조림/병제외)
롯데푸드 토로피칼 파인애플 청크 3050 g(고형량 : 1840 g),농산물통조림/병
우유로 재워 부드러운 리챔 120g,축산물통조림/병
리챔 오리지널 + 어니언 3입기획 600g,축산물통조림/병
존쿡 델리미트 팜프레시 잠봉 100g,햄/소시지(통조림/병제외)
MORN 몬 코코넛 밀크 400ml,농산물통조림/병
양반 참기름김 60g,해조류
머거본 콘소메맛 캐슈너트&땅콩볼 40g,건식품
담과연 믹스넛츠앤베리 300g,건식품
플랜터스 허니 로스트 피넛 978g,건식품
BOCAGE 소시지 캐서롤 300g,축산물통조림/병
삼아 베이크드빈스 400g,농산물통조림/병
JOHNCOOK DELI MEATS 슈바인학센 650g,조미육가공
동원참치 동원 황다랑어 올리브유참치 100g,수산물통조림/병
알뜰베이컨 1kg,조미육가공
CJ제일제당 그릴후랑크 오리지널 600g,햄/소시지(통조림/병제외)
참작 순살햄 1kg,햄/소시지(통조림/병제외)
NO BRAND 베이컨 450g,햄/소시지(통조림/병제외)
특 파래김 100장 (±1장),해조류
풀무원 들기름을 섞어 바삭바삭 고소하게 구워낸 재래김 40g,해조류
동표을지로골뱅이,수산물통조림/병
농협목우촌 목우촌 닭고기(봉) 1kg,조미육가공
DONGWON 상상 화끈오징어 60 g,건포류
과육이 살아있는 동원 딸기쨈 420g,농산물통조림/병
The 더건강한델리햄 750g,햄/소시지(통조림/병제외)
바다건해 여수멸치 조림용 300g,건포류
Dole 피치톡 400g,농산물통조림/병
의성마늘 프랑크 빅 90g,햄/소시지(통조림/병제외)
델립 불갈비맛햄 800g,햄/소시지(통조림/병제외)
그린넛츠 믹스넛 800 g,건식품
달담 고구마말랭이 70 g`,건식품
삼원네이처 제주 드림 천선과잼 180g,농산물통조림/병
DONGWON 동원 꽁치 300 g,수산물통조림/병
한터식품 재미인잼 수제잼 2호 250gx3개,농산물통조림/병
사과칩 15g,건식품
프리쉐프피넛버터크리미 1kg,농산물통조림/병
BLUE DIAMOND 칼플러스 100g,건식품
머거본 슬림육포 20g,조미육가공
유동골뱅이 300g,수산물통조림/병
매홍 새콤달콤 사과말랭이 100g,건식품
옥천농협 딸기쨈 500g,농산물통조림/병
이마트 고춧가루 1kg,건식품
한아담식품 광천미스 김자반 40g,해조류
오뚜기 한입꽁치 250g,수산물통조림/병
주부9단 비엔나소시지 180g,햄/소시지(통조림/병제외)
DONGWON 동원 통그릴후랑크 치즈쏙쏙 480g,햄/소시지(통조림/병제외)
용대황태연합단대륭영농조합법인 골든황태(스틱) 70g,건포류
피코크 훈제다리살슬라이스 200g,햄/소시지(통조림/병제외)
인절미 스프레드 250g,농산물통조림/병
건국햄 갈비바베큐 824g,햄/소시지(통조림/병제외)
로스팜 엔네이처 마일드 340g,축산물통조림/병
백설 동그랑땡 200g,햄/소시지(통조림/병제외)
광천 내포 돌김 75g,해조류
해표 광천김 5g,해조류
삼포백도 400g,농산물통조림/병
하림 하얀속살 닭가슴살 오리지널 110g,햄/소시지(통조림/병제외)
광천해저파래김 15g,해조류
복음자리딸기잼 500g,농산물통조림/병
롯데햄 의성마늘김밥속햄 200g,햄/소시지(통조림/병제외)
상하농원 닭가슴살 프랑크 180g,햄/소시지(통조림/병제외)
동결건조무화과칩 25g,건식품
맛있는풍경 국산딸기 100% 딸기칩 10g,건식품
참드림 간편한 버섯한끼 30g (6g x 5개),건식품
동원 마일드참치 210g,수산물통조림/병
HBAF 와사비맛 땅콩 & 철판구이 오징어 50g,건식품
그린자이언트 니블렛 스위트콘 670g,농산물통조림/병
Andan Jam 안단 오리지널 코코넛잼 220g,농산물통조림/병
CJ 스팸 클래식 900g (300g x 3캔),축산물통조림/병
토농이 건크랜베리 250g,건식품
고먹(매운맛) 24g,건포류
The 더건강한 그릴비엔나 740g,햄/소시지(통조림/병제외)
장충동 왕 족발 쫄깃한 편육 945g (쫄깃한편육 900g(300g x 3EA) + 새우양념맛믹스 45g(15g x 3EA)),조미육가공
오뚜기 후루츠쨈 300g,농산물통조림/병
폴라리스 제주돈육포 순한맛 70g,조미육가공
구운아몬드 500g,건식품
롯데햄 스모크햄7 1000g,햄/소시지(통조림/병제외)
바로선 천만조 베트남건고추 500g (±5g),건식품
사조참치 사조마일드참치 250g,수산물통조림/병
내아이애 우리아이 순한 김 15g,해조류
햇김 (특)재래돌김 50매,해조류
지프 크리미 땅콩버터 454g,농산물통조림/병
건강한 마늘을 담은 정다운 훈제오리 500g,조미육가공
황토가마에 구운멸치 (국물용멸치) 1kg,건포류
대림선 두번구운 김밥용 김 전장10매 20g,해조류
정화식품 바베큐 조미 오징어 150g,건포류
함평천지 함평 나비골 건무화과 Green sliced nude figs 100g,건식품
목우촌 뽀로로와친구들 프랑크소시지 130g,햄/소시지(통조림/병제외)
썬초이스 트로피칼 후르츠 칵테일 836g(고형량: 550g),농산물통조림/병
구운아몬드 700 g,건식품
채소듬뿍 믹스넛 850g,건식품
아워홈 닭가슴살맛 바(레드&그린) 65g,햄/소시지(통조림/병제외)
CHOICE L REAL MIX NUTS 매일견과 블루베리&요거트 20g,건식품
오뚜기 망고 425g,농산물통조림/병
samlip 싱가폴식 BBQ 육포 오리지날 45 g,조미육가공
아라움 내가대새우 40g,건포류
기장다시마 200g,해조류
hcN 엑스트라버진 올리브유 광천 김자반 65g,해조류
스팸 싱글 마일드 80 g,햄/소시지(통조림/병제외)
노브랜드 리얼 런천미트 340g,축산물통조림/병
순진무가 프랑크소시지 375g,햄/소시지(통조림/병제외)
크라제 오리지널 스모크 소시지 240g (60g x 4ea),햄/소시지(통조림/병제외)
계명식품 후레쉬 불고기햄 1000g,햄/소시지(통조림/병제외)
농협 황태포 1마리,건포류
제임스티스푼 퐁당 과일워터 자몽 25g,건식품
동원 상상육포 오리지널 80g,조미육가공
좋은세상 유산균 견과 스페셜 600g,건식품
ONLY price 깔끔하게 짜먹는 사과잼 500 g,농산물통조림/병
오뚜기 요즘미역 90g,해조류
"STONERIDGE 스톤릿지 오처드 유기농 건체리 113g, 4 OZ",건식품
건강한 약속 조미쥐치포 300g,건포류
김연구가 박향희 매운김 15g,해조류
엄마의 이야기 천연해물다시팩 600g,건포류
피코크 제주흑돼지 햄 340g,축산물통조림/병
담과연 믹스넛츠앤베리 300 g,건식품
청청원 리치부어스트 630g,햄/소시지(통조림/병제외)
NARA 100% 망고 말랭이 80g,건식품
마늘&양파햄 570g,햄/소시지(통조림/병제외)
캔딜라스 석류잼 230g,농산물통조림/병
자주 말랑말랑군고구마 50g,건식품
김사새요 미해우 28g,해조류
바다 한입 참진미 200g,건포류
부드러운 치킨육포 40g,조미육가공
사조안심 닭가슴살 블랙페퍼 100g,햄/소시지(통조림/병제외)
동원 포차참치 소시지야채볶음 100g,수산물통조림/병
샘표 우리엄마 고추장멸치볶음 50 g,수산물통조림/병
녹차아몬드 스프레드 250g,농산물통조림/병
ZAROTTI 봉골레 130g,수산물통조림/병
동원알래스카연어통살 135g,수산물통조림/병
쉐프원 고소한 김가루 400g,해조류
김밥용생김 30매,해조류
델립 싱싱소세지 500g,햄/소시지(통조림/병제외)
동원참치 살코기 + 마일드참치 450g (살코기 300g + 마일드참치 150g),수산물통조림/병
프레시안 브랏비엔나 360g,햄/소시지(통조림/병제외)
그릭슈바인 200g,축산물통조림/병
상상 안심육포 40g,조미육가공
Dry&Fish 순한백진미 400 g,건포류
목우촌 쇠고기육포 100g,조미육가공
북강릉농업협동조합 황태포 1마리,건포류
양반 파래돌김볶음 140g,해조류
CHOICE L 바다애찬 진도미역 110g,해조류
리치스 피티드 블랙올리브(Richis Pitted Black Olives) 400g,농산물통조림/병
campo 캄포 유기농 촙트 토마토 통조림 400g,농산물통조림/병
롯데햄 라 퀴진 볼함박 오리지널 228g,조미육가공
더바삭한 양반김 204g,해조류
하루의 쉼표... 핫 오징어 27g,건포류
캠프렌즈 페퍼그릴윈너 160g,햄/소시지(통조림/병제외)
DONGWON 동원참치 고추참치 90g,수산물통조림/병
하림 런천미트 340g,축산물통조림/병
하루한봉 구운캐슈넛 350g,건식품
오징어 롱다리 60g,건포류
누린내잡는 보쌈재료 50g,건식품
내설악 황태채 200g,건포류
볶음땅콩분태 1000g,건식품
기장미역 40g,해조류
광선다솔김 다솔 광천김 파래김 27단 108g,해조류
Green Nut 브라질넛 프라임 20g,건식품
녹차올리브김,해조류
머거본 요구르트 캐슈너트 210g,건식품
볶음땅콩분태 1000g,건식품
대림선 참피온 소세지 320g,햄/소시지(통조림/병제외)
육공방 생소시지 트리플치즈 250g,햄/소시지(통조림/병제외)
좋은세상 감초 400g,건식품
DRIED FOOD 건자두 350g,건식품
뱅어포 10매,건포류
리챔 DHA 340g,축산물통조림/병
아워홈 후레쉬햄 오리지널 800g,축산물통조림/병
골드 프레시 오이피클 슬라이스 3100g,농산물통조림/병
정화 허니버터 오징어 30g,건포류
롯데햄 의성마늘햄 480g,햄/소시지(통조림/병제외)
CJ 더건강한햄 오리지널 1.81kg,축산물통조림/병
동원 야채참치 100g,수산물통조림/병
Tom's 별빛팡팡아몬드 120g,건식품
베레타 밀라노 살라미 227g,햄/소시지(통조림/병제외)
SMUCKER'S 스머커스 포도잼 510g,농산물통조림/병
동원 꽁치 600g (300g X 2캔),수산물통조림/병
프레시안 더(THE) 건강한 베이컨 180g,햄/소시지(통조림/병제외)
TULIP 튤립햄 클래식 200g,축산물통조림/병
그릴팜 340g,축산물통조림/병
스팸클래식 1080g (200g x 9캔),햄/소시지(통조림/병제외)
Meica 보크부르스트 380g,햄/소시지(통조림/병제외)
바나나칩(BANANA CHIPS) 57g,건식품
그릭슈바인 고단백 닭가슴살 김밥햄 청양고추 220g,햄/소시지(통조림/병제외)
사조참치 사조고추참치 안심따개 150g,수산물통조림/병
T STANDARD 통그릴 프랑크 1.2kg,햄/소시지(통조림/병제외)
No Brand 크런치 피넛버터 340g,농산물통조림/병
무항생제 아랫날개(윙) 400g,조미육가공
유기농 보들김 20g,해조류
백진미 오징어 300g,건포류
다함께믹스넛 600g,건식품
그릴 후랑크 치즈,햄/소시지(통조림/병제외)
동원 콩자반 70g,농산물통조림/병
건강한 하루 뿌려먹는 웰빙견과 200g,건식품
동원더참치 고소한쌈 135g,수산물통조림/병
질러 부드러운 육포 160g,조미육가공
팬시믹스너트 200g,건식품
Murgerbon 브라질넛믹스 230g,건식품
사조참치 사조야채참치 100g,수산물통조림/병
가쓰오부시1호 50g,건포류
청정원 뿌까마또르 플러스 90g,햄/소시지(통조림/병제외)
바나나칩 130g,건식품
브라질넛츠 400g,건식품
청은 한천 400g,해조류
존쿡 클래식 이탈리안 살라미 200g,햄/소시지(통조림/병제외)
오뚜기 후레시참치 원조 100g,수산물통조림/병
해맑음 볶음용멸치 200g 200g,건포류
스머커스 스퀴즈 포도잼 567g,농산물통조림/병
Dfrut 스위트 건조 망고 80g,건식품
베레타 소프레사타 HOT 227g,햄/소시지(통조림/병제외)
한알천 삼계탕 600g,조미육가공
다향오리 촉촉한 훈제오리 매콤한맛 800 g,조미육가공
주부9단 프랑크소시지 500g,햄/소시지(통조림/병제외)
짱죽 망고요거트큐브 16g,건식품
복음자리 땅콩버터 크리미 462g,농산물통조림/병
가리비 280g,수산물통조림/병
허니버터캐슈넛 250g,건식품
플랜터스 허니 로스트 피넛 199g,건식품
우유로 재워 부드러운 리챔 200g,축산물통조림/병
청정원 참나무로 훈연한 그릴바베큐 640g,햄/소시지(통조림/병제외)
뉴펀믹스 700g,건식품
하림 무항생제 다리살(정육) 400 g,조미육가공
참프레 순수 허브 가슴살 100g,햄/소시지(통조림/병제외)
광천 들기름 참기름 김20+7봉 108g,해조류
미주 불고기햄 1000g,햄/소시지(통조림/병제외)
한돈 백종원의빽햄 800g (400g x 4개입),햄/소시지(통조림/병제외)
태청F&N 비타민 견과 300g,건식품
대림선 부어스트 콤비네이션 385g,햄/소시지(통조림/병제외)
믹스넛 점보 1kg,건식품
롯데쇼핑 두 번 구운 김밥김 24g,해조류
임꺽정푸드 양념닭발 350g,조미육가공
SPC 국산딸기잼 70% 400g,농산물통조림/병
직화구이 스틱어포 불맛바베큐 110g,건포류
하림비엔나 1000g,햄/소시지(통조림/병제외)
해쉼 내 아이의 애플칩 18g,건식품
Tom's Farm1982 군옥수수맛땅콩 190g,건식품
허브를 담은 정다운 훈제오리(500) 500g,햄/소시지(통조림/병제외)
한성기업 그릴부어스트 350g,햄/소시지(통조림/병제외)
그릭슈바인 육즙가득 부어스트 스모크 80g,햄/소시지(통조림/병제외)
식자재왕 데리야끼양념닭꼬치 1kg,조미육가공
LOTTE FOODS 트로피칼 파인애플 슬라이스 836g,농산물통조림/병
유기)햇살바람도시락9봉,해조류
GOUR MEAT 뉘른베르거 420g,햄/소시지(통조림/병제외)
동원 포차골뱅이 매콤소스 90g,수산물통조림/병
JAYON TREE 생생사과칩,건식품
오뚜기 가벼운 참치 아채 135g,수산물통조림/병
롯데햄 의성마늘햄 GOLD LABEL 540g,햄/소시지(통조림/병제외)
Johnsonville 베다위드체다 (BEDDAR WITH CHEDDAR) 396g,햄/소시지(통조림/병제외)
육공방 브라운스모크 560g,햄/소시지(통조림/병제외)
부드러운 미니 쥐포 150g,건포류
백도 345g,농산물통조림/병
찬마루 김밥용 우엉절임 180g,햄/소시지(통조림/병제외)
목우촌 BT21 비엔나소시지 660g (330g X 2개),햄/소시지(통조림/병제외)
하림 매실 닭가슴살훈제 170g,햄/소시지(통조림/병제외)
DONGWON 동원 야채참치 135g,수산물통조림/병
동원에프앤비 리챔 프로틴 1200g,축산물통조림/병
성경김 지도표 재래식 파래김 75g,해조류
동아수산 볶음조림용멸치 150g,건포류
허니버터아몬드 200g,건식품
성경 청솔 웰빙김 60g,해조류
백설 양념후랑크 435g,햄/소시지(통조림/병제외)
하림간장닭강정 250g,조미육가공
아임닭 닭가슴살 프랑크 허브맛 120g,햄/소시지(통조림/병제외)
다경 건블루베리 200g,건식품
사과잼 150g,농산물통조림/병
델몬트 후레쉬컷 황도 슬라이스 410g,농산물통조림/병
목우촌 프라임 식빵위의 네모 110g,햄/소시지(통조림/병제외)
양반 요리에 뿌려먹는 자른김 65g,해조류
청정원 건강생각 슬라이스햄 100g,햄/소시지(통조림/병제외)
청정원 불고기맛 비엔나 110g,햄/소시지(통조림/병제외)
프리미엄 생태로 말린 황태채 170g,건포류
머거본 칼몬드 80g,건식품
PEACOCK 쟌스빌 피캠 200g,축산물통조림/병
질러 깜놀 화끈한 연어 60g,건포류
동원참치 스낵참치 매콤마요 100g,수산물통조림/병
동원연어 동원 연어S 105g,수산물통조림/병
양반 보양 삼계탕 900g,조미육가공
맘쉐프 한입愛(애) 베이컨 310g,햄/소시지(통조림/병제외)
사조 매콤하게 더 맛있는 참치 60g,수산물통조림/병
ALLOS 알로스 유기농 블랙베리 잼 250g,농산물통조림/병
헌트 토마토페이스트 340g,농산물통조림/병
"레시피아 락교통조림 3,100g",농산물통조림/병
MORN 몬 코코넛 밀크 400ml,농산물통조림/병
육공방 생소시지 유러피안 허브 250g,햄/소시지(통조림/병제외)
오뚜기햄 후레시 햄 600g,축산물통조림/병
오뚜기 고등어 400g,수산물통조림/병
진심의작품복음자리잼 복음자리 포도잼 480g,농산물통조림/병
스팸 클래식 340g,축산물통조림/병
청정원 안주夜 순창 고추장육포 30g,조미육가공
LOTTE 갈릭버터 아몬드 앤 캐슈넛 160 g,건식품
오뚜기 마일드참치 원조 540g(135g X 4입),수산물통조림/병
사조 마일드참치 340g(85g x 4캔),수산물통조림/병
담백한 명태포 200g,건포류
동원 참 골뱅이 400g,수산물통조림/병
사조 얼리지 않은 생생참치 레귤러 115g,수산물통조림/병
하루한봉 매일견과 오리진 360 g,건식품
사조 상큼한 토마토와 더 맛있는 참치 60g,수산물통조림/병
칼몬드 24g,건식품
설악골 자른황태 400g,건포류
청정원 딸기쨈 280g,농산물통조림/병
기장자른다시마 100g,해조류
Olive Petruzzelli 그린 카스텔베트라노 올리브 (GREEN OLIVES CASTELVETRANO) 560g,농산물통조림/병
오뚜기 오감포차 매콤한 도가니볶음 180g,조미육가공
포차골뱅이 매콤소스,수산물통조림/병
롯데햄 베이컨 120g,햄/소시지(통조림/병제외)
양념무뼈닭발 2팩 기획상품,조미육가공
캠프렌즈 프랑크푸르터 160g,햄/소시지(통조림/병제외)
부촌양념닭발 300g,조미육가공
동원 골뱅이 230g,수산물통조림/병
CJ 더건강한 The 더건강한 브런치후랑크 리치치즈 260g,햄/소시지(통조림/병제외)
피코크 그릴 고추장 닭구이 200g,햄/소시지(통조림/병제외)
덴마크햄 덴마크 비엔나 520g,햄/소시지(통조림/병제외)
롯데햄 롯데동그랑땡 400g,햄/소시지(통조림/병제외)
양반 바삭재래김 20g,해조류
콜라겐동원참치 100g,수산물통조림/병
풀무원 들기름 재래김 80 g (4 g x 20봉),해조류
Murgerbon 칼몬드 200g,건식품
누텔라 210g,농산물통조림/병
머거본전사,건식품
프로삼 유기농 옥수수 스위트콘345g,농산물통조림/병
쥐치포 300g,건포류
양반 들기름향이 그윽한 김 80g,해조류
국산생들기름 광천김,해조류
맛있는풍경 유기인증받은 실미역 50g,해조류
직화매콤오돌살 160g,조미육가공
NORMEAT 노미트햄 (촙트햄) 1.81kg,축산물통조림/병
DRY&FISH 국물용 멸치 500g,건포류
장충동 고기순대 500g,조미육가공
한성기업 직화구이 후랑크 1kg,햄/소시지(통조림/병제외)
원더풀 피스타치오(무염) 150g,건식품
존쿡델리미트 홀머슬 햄 120g,햄/소시지(통조림/병제외)
Murgerbon 믹스너트 240g,건식품
벨푸드 아몬드견과육포 30g,조미육가공
Dole 배 컵 198g,농산물통조림/병
동원 황도(슬라이스) 400g,농산물통조림/병
동원 그릴리 황금치킨 닭가슴살 블랙페퍼 110g,조미육가공
아라움 크리스피오징어 40g,건포류
피코크 플로랑탱 아몬드 80g,건식품
웰니스브런치 허브페퍼 500g,햄/소시지(통조림/병제외)
나라통상 피칸 600g,건식품
사조참치 사조야채참치 150g,수산물통조림/병
사조 통살참치 황다랑어 100g,수산물통조림/병
나라통상 칠리치즈맛 아몬드 60g,건식품
이반장 광천파래김 64g,해조류
로스티드마카다미아솔티드 100g,건식품
샘표 바로바로 요리하는 소라 400g,수산물통조림/병
롯데햄 롯데스모크비엔나 1000g,햄/소시지(통조림/병제외)
산약촌 황기 100g,건식품
일해 특왕발 (조미오징어다리) 70g,건포류
백설햄 계란을 입혀 부쳐 먹으면 정말 맛있는 소시지 160g,햄/소시지(통조림/병제외)
파래 광천김,해조류
Dry&Fish 철판구이오징어 170 g,건포류
무조미 파래구운김 15g,해조류
대명건해 곱창재래돌김 80g,해조류
통큰 우리나라맛밤 200 g,건식품
5가지 과일이 들어간 과일칩 믹스넛 400 g,건식품
더 바삭한 양반김 50g,해조류
롯데 멸치몬드 너트클럽 135g,건식품
햄스빌베이컨 햄스빌 베이컨 차돌박이스타일 250g,햄/소시지(통조림/병제외)
플랜터스 허니 로스티드 피넛 336g (28g X 12),건식품
바다한입 명태알포 200g,건포류
머거본 가맥소스에 찍어먹는 구운황태구이 105g,건포류
CJ알래스카연어 알래스카 연어 건강한 올리브유 135g,수산물통조림/병
우리애들밥상 유기농 해의김자반 야채 30 g,해조류
진주햄 진주 홈 소세지 500g,햄/소시지(통조림/병제외)
Dry&Fish 백진미오징어 200 g,건포류
구운 가오리 지느러미 18g,건포류
동원 판타스틱 스파이시 60g,조미육가공
허니스타 허니버터아몬드 200g,건식품
백설 동그랑땡 400g,햄/소시지(통조림/병제외)
백설 브랏비엔나 540g,햄/소시지(통조림/병제외)
해맑음 산지직거래 볶음멸치 500g,건포류
씨제이제일제당 스팸 리치치즈 200G,축산물통조림/병
머거본 새콤달콤딸기아몬드 180g,건식품
NARA 루츠 X 넛츠믹스 550g,건식품
Bonduelle 봉듀엘 칙피 400g,농산물통조림/병
NUTOLOGY 볶음피칸 200 g,건식품
CJ The 더건강한 브런치슬라이스 오리지널 250g,햄/소시지(통조림/병제외)
FooKo 오다리튀김 300g,햄/소시지(통조림/병제외)
해맑음 호두 25g,건식품
청정원 불고기맛비엔나 110g,햄/소시지(통조림/병제외)
롯데푸드 롯데햄 의성마늘 직화구이 나눠바 120g,햄/소시지(통조림/병제외)
쉐프원 완도산 청정미역 250g,해조류
기획상품) 버터구이모음 3종,건포류
바다마음 파래돌자반볶음 60g,해조류
백설햄 켄터키후랑크 230g,햄/소시지(통조림/병제외)
Dry&Fish 순한백진미 200 g,건포류
Green Nut 바나나칩 80g,건식품
더(The) 건강한 그릴후랑크 닭가슴살 300g,햄/소시지(통조림/병제외)
Dole 돌 파인애플 슬라이스 836g,농산물통조림/병
샤니 미니딸기잼 12g,농산물통조림/병
구운김밥김 40g,해조류
사차인치 220g,건식품
Rio Santo 할라페뇨 510g,농산물통조림/병
좋은세상6 100g,건식품
양반김 구운 김밥김 20g,해조류
김앤김 광천새우멸치돌자반 40g,해조류
DONGWON 동원 오븐&통그릴 트러플델리햄 버섯&채소 260 g,햄/소시지(통조림/병제외)
Kandy's 캔딜라스 스테비아 산속과일잼 370g,농산물통조림/병
동원통단팥 동원 고구마 통단팥 470g,농산물통조림/병
문희양파김 도시락 120g,해조류
풀무원 들기름을 섞어 바삭바삭 고소하게 구워낸 돌김 40g,해조류
머거본 한입 맥적 구이 30g,조미육가공
campo 캄포 유기농 홀 토마토 통조림 400g,농산물통조림/병
지도표 성경 참 돌자반 80g,해조류
모둠해초 200g,해조류
해의락 돌자반김 50g,해조류
성경김자반 견과 55g,해조류
S & W 에스 앤 더블유 프리미엄 키드니빈스 432g,농산물통조림/병
동원 미니언즈 짜장참치 135g,수산물통조림/병
청해거상 간편한 자른미역 60g (15g x 4팩),해조류
포차순대 1봉지,조미육가공
자연산골뱅이/ 순살왕꼬막&골뱅이,수산물통조림/병
주부9단 살코기햄 450g,햄/소시지(통조림/병제외)
한성고등어 400g,수산물통조림/병
from the sea 꼬꼬망 쥐포 180g x 2ea,건포류
Meica 트루만스 핫도그 540g,축산물통조림/병
참프레 토종닭훈제슬라이스 500g,햄/소시지(통조림/병제외)
머거본 칼몬드 450g,건식품
대림선 사조안심 샐러리&케일 직화닭가슴살 115g,햄/소시지(통조림/병제외)
롯데햄 의성마늘햄 GOLD LABEL 540g,햄/소시지(통조림/병제외)
동원골뱅이 깨끗한바다싱싱한 맛 300g,수산물통조림/병
청해명가 맛있는 삼천포 볶음조림멸치 500g,건포류
팽이몸매 건조팽이버섯 20g,건식품
맛있는풍경 순수사과 30g,건식품
롯데푸드 트로피칼 후르츠칵테일 850g,농산물통조림/병
청정원 참나무훈연 고소한 두툼 비엔나 600g,햄/소시지(통조림/병제외)
리챔 녹차숙성 340g,축산물통조림/병
조림용 멸치 500g,건포류
AROY-D 롱간 565g,농산물통조림/병
본엠 통그릴 볼 비엔나 300g,햄/소시지(통조림/병제외)
바다한입 아귀맛나구이채 80g,건포류
대경햄 모듬소시지 450g,햄/소시지(통조림/병제외)
해오징어버터구이 50g,건포류
딸기잼 & 블랙체리 캔들 기프트세트,농산물통조림/병
머거본 후렌치후라이드아몬드 135g,건식품
가족사랑 믹스넛트 800g,건식품
참! 건강한 탄두리가슴살 100g,조미육가공
롯데햄 의성마늘햄 450g,햄/소시지(통조림/병제외)
델립불고기비엔나 380g,햄/소시지(통조림/병제외)
목우촌 닭고기 (닭다리) 600g,조미육가공
HBAF 당근케이크 아몬드 100g (10g x 10EA),건식품
동원 김치찌개용 꽁치 400g,수산물통조림/병
노브랜드 맛있는 리얼팜 340g,축산물통조림/병
DRY&FISH 무첨가백진미 300g,건포류
정다운 뼈 없는 양념닭발 350g,조미육가공
동원 복숭아 (황도 슬라이스) 400g,농산물통조림/병
롯데햄 모둠소시지 500g,햄/소시지(통조림/병제외)
OK COOK OKCOOK 프리미엄육포 140g,조미육가공
백설햄 알찬소시지 500g,햄/소시지(통조림/병제외)
CJ 계절어보 직화불골뱅이 150g,수산물통조림/병
DRY&FISH 국물용 멸치 500 g,건포류
eatemotion 핫갈릭불쥐포 150g,건포류
청정원 망고 콩포트 265g,농산물통조림/병
해우촌 임자도 명품 갯벌김 (캔김)35g,해조류
왕꼬마쥐포 200g,건포류
Tom's Farm1982 마늘빵아몬드 130g,건식품
HBAF 파티박스 4가지맛 500g (10g x 50EA),건식품
캠프렌즈 비바크부어스트 300g,햄/소시지(통조림/병제외)
동원 싱싱소세지 300g,햄/소시지(통조림/병제외)
사조참치 사조고추참치 안심따개 100g,수산물통조림/병
하림 무항생제 닭다리(북채) 400 g,조미육가공
명태살채 200g,건포류
땅콩버터구이통오징어 130g,건포류
찢어놓은 먹태구이 240g,건포류
목우촌 BT21 화이트 소시지 240g,햄/소시지(통조림/병제외)
존쿡 델리미트 잇츠베이컨 300g,햄/소시지(통조림/병제외)
해맑은 유기인증 자른미역 30g,해조류
황태채 200g,건포류
피코크 쟌슨빌 폴리쉬 소시지 396g,햄/소시지(통조림/병제외)
mornings 스위트 커널 콘 2900g (고형량 1800g),농산물통조림/병
DONGWON 동원 상상육포 안심40G*4 40g x 4개입,조미육가공
북어채 500g,건포류
동원참치 동원 오메가-3참치 300g,수산물통조림/병
동원 자연레시피 비엔나 520g,햄/소시지(통조림/병제외)
코주부 육포 30g,조미육가공
들기름에 재운 하나가득 재래김 5g,해조류
한성기업 불고기스모크 1kg,햄/소시지(통조림/병제외)
대복식품 맛있는 양념이 들어있는 톳 250g,해조류
아이배냇 꼬마 육포 오리지널,조미육가공
Tom's 불닭맛아몬드 130g,건식품
동원참치 살코기 250g,수산물통조림/병
볶음땅콩 1.6 kg,건식품
롯데햄 엔네이처 順순돈육햄 1000g,햄/소시지(통조림/병제외)
샘표 황도 400g,농산물통조림/병
그린 동원참치 살코기&동원 마일드 참치,수산물통조림/병
먹태 135g,건포류
질러 부드러운 육포 90g,조미육가공
사조 생생참치 오리지널 115g,수산물통조림/병
존쿡 델리미트 부어스첸 510g,햄/소시지(통조림/병제외)
대림선 캠프&하우스 그릴 비엔나 345g,햄/소시지(통조림/병제외)
정화 굿다리 120g (20g x 6봉),건포류
Organic Story 유기농 파스타치오 200g,건식품
다복이네직화구이불닭발 200g,조미육가공
금한산업 버터구이 오징어채 26g,건포류
오뚜기 트로피칼 후르츠칵테일 850g,농산물통조림/병
복음자리 플러스 우리밭 딸기잼 830g,농산물통조림/병
스팸 싱글모짜렐라치킨 80g,햄/소시지(통조림/병제외)
동원참치 건강한참치 셀레늄엽산 150g,수산물통조림/병
하루견과 마카다미아 넛츠,건식품
Tom's Farm 1982 카라멜 아몬드 앤 프레첼 120 g,건식품
양반김 양반 파래구운 생김 39g,해조류
엔네이쳐 엔네이처 두툼김밥햄 280g,햄/소시지(통조림/병제외)
동원 비엔나소세지 338g,햄/소시지(통조림/병제외)
사차인치 로스티드 시드 300 g,건식품
건강한 100살 대추스낵 50g,건식품
Easy meal 소라골뱅이 400g,수산물통조림/병
동원참치 김치찌개용 250g,수산물통조림/병
머거본 사차인치믹스넛 25g,건식품
유동 순살 왕꼬막 & 골뱅이 280g,수산물통조림/병
그린 카스텔베트라노 올리브 575g,농산물통조림/병
두레방 참치볶음김치 120g,농산물통조림/병
한성기업 숯불갈비맛김밥햄 100g,햄/소시지(통조림/병제외)
하루견과 사차인치,건식품
아워홈 후레쉬햄 오리지널 150g,햄/소시지(통조림/병제외)
상하농원 더 부드러운 고구마 말랭이 80g,건식품
사조대림 캠프&하우스 두툼 살코기햄 300g,햄/소시지(통조림/병제외)
오씨아니통단팥 850g,농산물통조림/병
사조참치 사조찌개전용참치 안심따개 100g,수산물통조림/병
Bellota-Bellota 이베리코 벨로타 하몽 30g,햄/소시지(통조림/병제외)
원프리미엄 육포 160g,조미육가공
땅콩버터 통오징어 300g (150g x 2봉),건포류
오뚜기 아임스틱 밀감한라봉쨈 200g (20g x 10개),농산물통조림/병
풀무원 노을해심 100g,해조류
풀무원 찬마루 김밥단무지 400g,햄/소시지(통조림/병제외)
The 더건강한 The더건강한 통목살스테이크 350 g,햄/소시지(통조림/병제외)
사조 安心(안심)오리팜 800g,축산물통조림/병
성호물산 영일만친구 오징어 320g(4미),건포류
사조 고추참치 안심따개 405g (135g x 3캔),수산물통조림/병
NO BRAND 맛있는 군밤 200g,건식품
철판구이 오징어와 볶음땅콩+을지로 노가리와 볶음땅콩 세트,건식품
페스츄리오징어 150g,건포류
프레시안 더(THE) 건강한 햄 160g,햄/소시지(통조림/병제외)
씨제이제일제당 스팸 클래식 1.02kg (340g x 3캔),축산물통조림/병
트라피스트 수녀원 100% 유기딸기잼 410g,농산물통조림/병
유기농 순육포 40g,조미육가공
구운아몬드 500g,건식품
동표을지로골뱅이 500g,수산물통조림/병
샘표 김치찌개전용 꽁치 400g,수산물통조림/병
헌트 토마토 소스 425g,농산물통조림/병
청정원 요리쿡 비엔나 800g,햄/소시지(통조림/병제외)
허니버터오징어 250g,건포류
동원 순 닭가슴살 콜라겐플러스 135g,축산물통조림/병
돌 파인애플 115g,농산물통조림/병
천하장사 더블링참치마요 720g,햄/소시지(통조림/병제외)
동원참치DHA 150g,수산물통조림/병
동원 고추참치 250g(고형량:187g),수산물통조림/병
KOKO FARM 짭짤한 표고버섯칩 80g,건식품
아기밀 우리아이 유기농김 칼슘 15g,해조류
백설햄 백설 한입쏙비엔나 105g,햄/소시지(통조림/병제외)
롯데 엔네이처 부드러운 프랑크,햄/소시지(통조림/병제외)
리치스 트로피칼 후르츠 칵테일 원터치 850g,농산물통조림/병
리챔 오리지널,축산물통조림/병
참진미오징어 200g,건포류
하림 빌소시지 90g,햄/소시지(통조림/병제외)
GOYA 논퍼레일 케이퍼 111g,농산물통조림/병
하림 참맛비엔나 110g,햄/소시지(통조림/병제외)
K 로스팜 480g,축산물통조림/병
씨푸드 푸른바다미역 200g,해조류
모둠해초 400g(200g+200g),해조류
동아수산 볶음조림용멸치 300g,건포류
Tom's Farm 1982 와사비맛아몬드 130 g,건식품
덴마크햄 덴마크 화이트 후랑크 250g,햄/소시지(통조림/병제외)
백설햄 계란을 입혀 부쳐 먹으면 정말 맛있는 마늘맛 소시지 160g,햄/소시지(통조림/병제외)
오뚜기 DHA참치 150g,수산물통조림/병
좋은세상 행복모아 200g,건식품
머거본 새우몬드 150g,건식품
오물조물얌얌 밥 한 공기 자반(견과) 12g,해조류
동결건조 바나나 20g,건식품
Tom's Farm 1982 쿠키앤크림아몬드 120 g,건식품
구운골뱅이 400g,수산물통조림/병
생가득 꼬마소불고기김밥 158g,햄/소시지(통조림/병제외)
안심 닭가슴살,축산물통조림/병
청해명가 수산물이력제 삼천포멸치 500g,건포류
장흥표고진미오징어채 250g,건포류
베트남 땡초 건고추 50g,건식품
샘표 바로바로 요리하는 소라 140g,수산물통조림/병
동원 더참치 TO GO 레몬페퍼 70g,수산물통조림/병
소니가 건블루베리 160g,건식품
백설 햄스빌롤베이컨 270g,햄/소시지(통조림/병제외)
동원 스위트콘 2950g,농산물통조림/병
꼬꼬망쥐포,건포류
다디단 말랑촉촉 감말랭이 150g,건식품
"뚝딱집반찬 볶음용 멸치, 간장볶음소스 80g",건포류
롯데 스위트믹스 너트클럽 135g,건식품
볶은통귀리 700g,건식품
머거본 요구르트 캐슈너트 210g,건식품
후랑크소세지 600g,햄/소시지(통조림/병제외)
Lotus 로투스 스프레드 크런치 380g,농산물통조림/병
지도표 재래식 성경김 30g,해조류
ONLY price 하루견과 ONE DAY NUTS	 40g,건식품
CJ The더건강한 통베이컨 페퍼 350g,햄/소시지(통조림/병제외)
좋은세상 한마리오징어 50g,건포류
유가원 유기농건포도 300g,건식품
청정원 essential 청정원 들기름 바사삭김,해조류
청정원 양파를 넣어 맛있는 로스햄 700g,햄/소시지(통조림/병제외)
코주부 징기스칸 육포 180g,조미육가공
natural BOX 데일리과일칩믹스 250g,건식품
만전김 LAVERLAND CRUNCH 바나나맛김 40.5g (4.5g x 9봉),해조류
용인의 소반 버섯뮤즐리 in 레몬 49g,건식품
"만전김 유기식품 햇살과 바람이 길러낸 김 2호 126g (45g x 2캔, 3g x 12봉)",해조류
소문난삼부자 녹차식탁김 40g,해조류
동원 김치참치 90g,수산물통조림/병
흑돼지가 키운 감귤칩 100g,건식품
동원 녹돈 순살햄 500g,햄/소시지(통조림/병제외)
essential Waitrose 페티 포이스 400g,농산물통조림/병
간장쌈고급돌김 15매,해조류
김밥김(상) 1봉,해조류
농협 황태채 100g,건포류
다향 돼지불고기 고추장맛 500g,조미육가공
아워홈 후레쉬프랑크 비프 260g,햄/소시지(통조림/병제외)
청정원 아이사랑 딸기쨈(병) 470g,농산물통조림/병
청정원잼 망고&파인애플잼 370g,농산물통조림/병
롯데햄 에센 브런치 비엔나 리얼치즈 180g,햄/소시지(통조림/병제외)
CJ 제일제당 The 더건강한햄 480g,햄/소시지(통조림/병제외)
존쿡 델리미트 치킨브레스트 240g,햄/소시지(통조림/병제외)
SAJO 한돈 부어스트 오리지널 450g(225g x 2) 1+1 특별기획,햄/소시지(통조림/병제외)
진주햄 숯불구이 김밥햄 100g,햄/소시지(통조림/병제외)
동원 상상안심육포 80g,조미육가공
청정원 켄터키 소시지 1kg,햄/소시지(통조림/병제외)
덴마크햄 덴마크 후랑크 250g,햄/소시지(통조림/병제외)
땅콩버터구이 오징어,건포류
복음자리 다크초코 스프레드 400g,농산물통조림/병
아이배냇 김자반 야채 25g,해조류
복음자리 바로 짜먹는 사과버터잼 100g,농산물통조림/병
백진미오징어채 400g,건포류
Lotus 로투스 스프레드 400g,농산물통조림/병
싱쿡 한끼베이컨 30g,햄/소시지(통조림/병제외)
요리하다 갈릭 부어스트 350g,햄/소시지(통조림/병제외)
용대리황태 400g,건포류
존쿡 델리미트 컨츄리베이컨 스테이크 80g,조미육가공
샘표 우리엄마 연근조림 90g,농산물통조림/병
천하장사 더블링 할라피뇨 치즈 45g,햄/소시지(통조림/병제외)
로하이 썬팜 340g,축산물통조림/병
롯데햄 에센뽀득 360g,햄/소시지(통조림/병제외)
동원 판타스틱 스파이시 80g,조미육가공
백진미오징어채 400g,건포류
한성기업 흑미떡갈비맛경단 125g,햄/소시지(통조림/병제외)
MONT MORENCY 몽모랑시 건타트체리 200g,건식품
오뚜기 야채참치 100g,수산물통조림/병
땅콩버터오다리 110g,건포류
식신원정대 가쓰오부시 200g,건포류
LA PREFERIDA 라 프리페리다 할라피뇨 나쵸 슬라이스 마일드 326G(고형량:177G),농산물통조림/병
해그린 소백산 황태포 1마리 70g,건포류
수협 잘구운 재래김,해조류
오희숙 전통부각 미역부각,해조류
베레타 프로슈토 슬라이스 85g,햄/소시지(통조림/병제외)
"동원참치 살코기, 동원 고추참치 405g",수산물통조림/병
동원 고소한 고등어 300g,수산물통조림/병
JONCOOK DELIMEATS 하몽 이베리코 베요타 40 g,햄/소시지(통조림/병제외)
건-어물 마트 구운쥐치포 350 g,건포류
백설 오리지널 후랑크 500 g,햄/소시지(통조림/병제외)
목우촌 BT21 양송이 라운드햄 500g (250g X 2개입),햄/소시지(통조림/병제외)
롯데햄 런천미트 340g,축산물통조림/병
헬리오스 블루베리잼 330g,농산물통조림/병
ACHIM 아침닭가슴살 훈제 100g(오차범위±4.5%),조미육가공
굿 토마토 칩스 15g,건식품
화풍 영콘 홀 400g,농산물통조림/병
재래김 150g,해조류
풀무원 들기름을 섞어 바삭바삭 고소하게 구워낸 재래김 15g,해조류
KOKO FARM 땅끝 해남에서 온 고구마 말랭이 60g,건식품
Elephant 명진황도 2950g,농산물통조림/병
델몬트 피에스타 트로피칼 후르츠 칵테일 850 g,농산물통조림/병
동원참치 동원 마일드참치 150g,수산물통조림/병
동원 상상육포 오리지널 200g,조미육가공
XOCO 자일리톨 코팅으로 맛있는 카카오닙스 100g,건식품
Tom's Farm1982 민트초코아몬드 120 g,건식품
JAYON TREE 생생포도칩,건식품
만나 하루 과일칩 믹스,건식품
다향 흑마늘로 숙성한 담백한 슬라이스 훈제목심 400g,햄/소시지(통조림/병제외)
부드러운 양념육포 떡갈비맛 50g,조미육가공
청정원잼 트리플베리 딸기잼 370g,농산물통조림/병
해표 더 고소한 김 김밥김 20g,해조류
Ptofood CEBU PHILIPPINES 건코코넛(DIRED YOUNG COCONUT) 80g,건식품
Super Nuts 슈퍼너츠 피넛버터 크런키 300g,농산물통조림/병
Sun DIAMOND 썬다이아몬드 매일견과 25g,건식품
"팔돈막창 오븐 돼지 막창 400g (오븐막창 320g, 123막창소스 80g)",조미육가공
KOJOOBU 와규육포 160g,조미육가공
제이미 올리버 홀 블랙 올리브 280g,농산물통조림/병
사세 버팔로 봉먹고 다리먹고 콤보치킨 410g,조미육가공
구운아몬드 500g,건식품
복음자리 맛있는 우리밭 딸기잼 1000g,농산물통조림/병
오뚜기 파인애플 850 g,농산물통조림/병
진주햄 줄줄이 비엔나 1000g,햄/소시지(통조림/병제외)
동원 마요참치 100g,수산물통조림/병
JOHNCOOK DELIMEATS 전G베이컨 200g,조미육가공
풀무원 들기름 파래김 135g (4.5g X 30봉),해조류
넛츠팜 호두 1kg,건식품
Bonne Maman 본마망 무화과 잼 (BONNE MAMAN FIG JAM) 370g,농산물통조림/병
초록우산 순한 행복담은 명태포 160g,건포류
강황을 먹고자란 오리바베큐 슬라이스 500g,조미육가공
일가집 양념우엉 1kg,햄/소시지(통조림/병제외)
동원 지중해황도 410g,농산물통조림/병
Homeplus Signature 골뱅이 400g,수산물통조림/병
동원 스위트콘 340g,농산물통조림/병
롯데햄 의성마늘 김밥속햄 200g,햄/소시지(통조림/병제외)
토농이 웰빙 허니버터 아몬드믹스 400g,건식품
왕다리오징어 120g x 2,건포류
머거본 군옥수수맛아몬드 190g,건식품
구운 김밥용김 20g,해조류
Nature Food 모듬안주 1.5kg,건식품
대림선 소스에꼬쳐바 허니머스타드 90g,햄/소시지(통조림/병제외)
존쿡 치킨에 반한 할라피뇨 195g,햄/소시지(통조림/병제외)
POPKIM(팝김) 견과류 어린이 김자반 55g,해조류
복음자리 딸기잼 230g,농산물통조림/병
순진무가 순진無가 살코기햄 600g,햄/소시지(통조림/병제외)
cj제일제당 그릴후랑크오리지널소시지 660g,햄/소시지(통조림/병제외)
체리푸드 전통 삼계탕 800g,조미육가공
DUERR'S 듀어스 자몽 454g,농산물통조림/병
원더풀 피스타치오 (가염) 300g,건식품
한성기업 숯불구이맛치킨경단 125g,햄/소시지(통조림/병제외)
살코기 오뚜기참치 150g,수산물통조림/병
MENZ & GASSER 멘즈앤가써 딸기잼 240g,농산물통조림/병
OK COOK 오케이쿡 찰순대 1kg,조미육가공
바다섬김[살짝 구운 재래김] 9g x 4봉,해조류
롯데햄 떡갈비 130g,햄/소시지(통조림/병제외)
오잉 22g,건포류
사조 야채참치 안심따개 450g (150g x 3캔),수산물통조림/병
복음자리 포도잼 620g,농산물통조림/병
쓰리스푼 얼그레이 밀크잼 200 g,농산물통조림/병
청우림스모크비엔나 1000g,햄/소시지(통조림/병제외)
내아이애 우리아이 고소한 김 2g,해조류
머거본 흑당밀크티아몬드 25g,건식품
한성기업 오리지널베이컨 100g,햄/소시지(통조림/병제외)
롯데햄 엔네이처 볼비엔나 195g,햄/소시지(통조림/병제외)
HBAF 인절미 아몬드 100g (10g x 10EA),건식품
쥐치포 120g,건포류
그린자이언트 니블렛 스위트 콘 1170g,농산물통조림/병
사조 안심따개 찌개전용참치 85g,수산물통조림/병
청정원 갈비맛프랑크 110g,햄/소시지(통조림/병제외)
PEACOCK 5대명산지 갯벌 재래김 60g,해조류
좋은세상 볶음캐슈넛 140g,건식품
델립 야채소세지 180g,햄/소시지(통조림/병제외)
동원 순닭가슴살 훈제 405g,축산물통조림/병
좋은세상 커피땅콩 200g,건식품
FERBA 지중해 황도(황도 57%) 840g,농산물통조림/병
식자재왕 알뜰베이컨 1000g,햄/소시지(통조림/병제외)
오뚜기 야채참치 150g,수산물통조림/병
한성기업 통통소세지 골드 270g,햄/소시지(통조림/병제외)
CJ 자연에서 얻은 재료 그릴김밥햄 135g,햄/소시지(통조림/병제외)
동원더참치 고소한쌈 90g,수산물통조림/병
동원 동원참치 큐브 고소로제 160g,수산물통조림/병
BLUE DIAMOND 꿀땅콩 270g,건식품
스틱어포 오리지널 110g,건포류
온천지 광천 파래김 25g,해조류
패밀리믹스넛 430g,건식품
건어채 좁은것 (조미건어채) 1kg,건포류
명품 기장애 미역 100g,해조류
맑은강산 잣 40g,건식품
오징어는땅콩을좋아해 4봉,건포류
동원 쫄깃골뱅이 140g,수산물통조림/병
ST. DLAFOUR 샹.달프 라즈베리잼 284g,농산물통조림/병
한성기업 배즙숙성 숯불구이맛후랑크 70g,햄/소시지(통조림/병제외)
"DANIELE, INC. 뉴잉글랜드 제노아 살라미 슬라이스 85g, 3 OZ",햄/소시지(통조림/병제외)
해표 더 고소한 김 재래김 45g,해조류
삼아 완두콩 3kg(고형량: 1.65 kg),농산물통조림/병
노브랜드 닭가슴살 슬라이스햄 150g,햄/소시지(통조림/병제외)
딸기잼 150g,농산물통조림/병
KAYA HOUSE 카야하우스 프리미엄 카야브라운 240g,농산물통조림/병
김연구가 박향희 와사비김 13.5g,해조류
김앤김 광천돌자반 40g,해조류
구운 캐슈넛 180g,건식품
동원참치 동원황다랑어 포도씨유참치 100g,수산물통조림/병
백설 불고기햄 285g,햄/소시지(통조림/병제외)
햄스빌 롤 베이컨 3팩,조미육가공
카오숑 우유 땅콩과자,건식품
쟌슨빌 소시지 양념감자 146g,햄/소시지(통조림/병제외)
CJ제일제당 The 더 건강한 베이컨 540g (90g x 6),조미육가공
CJ제일제당 맛밤 50g,건식품
이지밀 복숭아(황도) 슬라이스 400g,농산물통조림/병
오뚜기 참치기획 2호 800g,수산물통조림/병
롯데푸드 의성마늘 로스팜,햄/소시지(통조림/병제외)
CJ제일제당 스파이시비엔나 70g,햄/소시지(통조림/병제외)
코주부육포 ORIGINAL 50g,조미육가공
해미락 구운 김밥김 15g이상,해조류
나라통상 인절미 아몬드 60g,건식품
상하농원 고구마 말랭이 100g,건식품
설악골 왕 육수용 황태머리 500g,건포류
존쿡 델리미트 비어햄 100g,햄/소시지(통조림/병제외)
동원참치 동원 핫스파이시 칠리참치 150g,수산물통조림/병
오씨아니 완두콩,농산물통조림/병
세가지맛오징어,건포류
베베푸드 아빠가 만든 자반 30g,해조류
웰니스미니윈너 240g,햄/소시지(통조림/병제외)
Ambro 건자두 500g,건식품
rene 스위트 르네 망고 425g,농산물통조림/병
큐원 샐러드 토핑 혼합 120g,건식품
"푸드림 스위트콘 2,950g(고형량: 1,850g)",농산물통조림/병
동원 부드러운 스위트콘 340g,농산물통조림/병
크런치 롤 바나나칩 50g,건식품
SweetHug 녹차 앤 아몬드 스프레드 250g,농산물통조림/병
노보코리아 베이크드 빈스 420g,농산물통조림/병
오뚜기 고추참치 150g,수산물통조림/병
롯데푸드 K 로스팜 1020g,축산물통조림/병
광천김가루김,해조류
생채움 올리브 녹차 돌자반 70g,해조류
블랙김샌드 현미 20g,해조류
해우촌 돌김자반 150g,해조류
롯데햄 엔네이처 연어 100g,수산물통조림/병
CJ The더건강한 직화구이햄 450 g,햄/소시지(통조림/병제외)
헤로 블랙베리 잼 340g,농산물통조림/병
"동원 자연산 꽁치 1,880 g",수산물통조림/병
허니 드라이 로스티드 피넛 400g,건식품
올품 무항생제 아랫날개(윙) 600g,조미육가공
존쿡 델리미트 치킨브레스트 120g,햄/소시지(통조림/병제외)
자주 한입크기 미니쥐포 35g,건포류
하루견과 크랜베리 25g,건식품
JinJu Food 버터구이맛오징어 120g,건포류
볶음용 멸치,건포류
오뚜기 mini딸기쨈 150g,농산물통조림/병
SAJO 우리돼지 한돈 김밥용햄 170g,햄/소시지(통조림/병제외)
(이마트)특대왕쥐포 250g(7마리),건포류
하루견과 브라질넛 200g,건식품
청정원 참나무로 훈연한 살코기햄 1kg,햄/소시지(통조림/병제외)
석보유통 피칸 130g,건식품
맥스봉 숯불갈비맛 핫바 90g,햄/소시지(통조림/병제외)
하림 치즈앤갈릭후랑크 300g,햄/소시지(통조림/병제외)
든지든든 베리베리 10개입,건식품
건강한 100살 대추스낵 50g x 10개,건식품
청정원 구운 김밥용김 40g,해조류
동원마요참치 100g,수산물통조림/병
존쿡 이베리안 햄 세보 50g,햄/소시지(통조림/병제외)
통그릴 비엔나 소시지,햄/소시지(통조림/병제외)
테일러푸룬 250g,건식품
프레시안 구이한판 60g,햄/소시지(통조림/병제외)
식자재왕 불고기햄,햄/소시지(통조림/병제외)
사조참치 사조고추참치 안심따개 100g,수산물통조림/병
밀크카우 아몬드 180g,건식품
참진미오징어 200 g,건포류
리치스 통단팥 3 kg,농산물통조림/병
광천 삼원 재래김 4g,해조류
해빗 유기농 블루베리잼 290g,농산물통조림/병
탐스팜 요구르트맛아몬드 210g,건식품
사조 매콤한 고추 연어 90g,수산물통조림/병
프리미엄점보믹스 950g,건식품
씨제이제일제당 스팸 리치치즈 340G,축산물통조림/병
THAI heritage 타이 헤리티지 코코넛 밀크 165ml,농산물통조림/병
무시래기 100g,건식품
백설햄 계란을 입혀 부쳐 먹으면 정말 맛있는 오징어와 새우맛 소시지 160g,햄/소시지(통조림/병제외)
양반 올리브김 64g,해조류
종가집 우리가족 김밥용 단무지 400g,햄/소시지(통조림/병제외)
오뚜기 피스타치오 115g,건식품
맛있게잘만든햄 불갈비맛햄 800g,햄/소시지(통조림/병제외)
청정원 사브작 오븐 슬라이스 육포 오리지널 30g,조미육가공
목우촌 주부9단 로스구이 500g,햄/소시지(통조림/병제외)
"팔돈막창 훈연 돼지 막창 400g (훈제돼지막창 320g, 123막창소스 80g)",조미육가공
동원참치 핫 150g,수산물통조림/병
Sunnuts 넛월드 뉴 하루견과 600 g,건식품
BEBECOOK 한입에 쏙 소고기 치즈포 30 g,조미육가공
CJ알래스카연어 알래스카연어 고소한 현미유 135g,수산물통조림/병
홀메이드 맛있는 한끼 깔끔한 멸치육수 500g,건포류
동아수산 볶음용멸치 300g,건포류
The더건강한햄클래식 200g,축산물통조림/병
포차꽁치(고추양념맛),수산물통조림/병
JOHNCOOK DELI MEATS 롱델리부어스트 720 g,햄/소시지(통조림/병제외)
로스팅 사차인치 250g,건식품
복음자리 5가지베리잼 350g,농산물통조림/병
청해명가 삼천포 멸치 볶음용 150g,건포류
양반 좋은 원초에 들기름향이 그윽한 들기름김 20g,해조류
Ligo 리고 땅콩버터 (LIGO PEANUT BUTTER CHUNKY) 462g,농산물통조림/병
CJ The더건강한 채소고기가득 훈연맛 280g,햄/소시지(통조림/병제외)
롯데햄 의성마늘프랑크꼬치 710g,햄/소시지(통조림/병제외)
아이배냇 꼬마 짜먹는 딸기잼 130 g,농산물통조림/병
촉촉한버터구이오징어 250 g,건포류
양반 보양 삼계탕 900 g X 2개입,조미육가공
마이카 보크부르스트 380g,햄/소시지(통조림/병제외)
오뚜기 고등어 280g,수산물통조림/병
Waitrose DUCHY 더치 유기농 플럼 토마토 400g,농산물통조림/병
롯데푸드 K 로스팜 600g,축산물통조림/병
코주부 치즈 육포 70g,조미육가공
청정원 건강생각 라운드햄 1kg,햄/소시지(통조림/병제외)
머거본 카페몬드 카페라떼맛 200g,건식품
볶은골드아마씨 350g,건식품
과일숙성후랑크 70g,햄/소시지(통조림/병제외)
한성기업 떡갈비맛 소시지 150g,햄/소시지(통조림/병제외)
Tom's Farm 불닭맛아몬드 150 g,건식품
요리하다 언양식불고기 300g,조미육가공
오뚜기 달콤함이 살아있는! 황도 400g(고형량: 220g),농산물통조림/병
토농이 건파인애플 280g,건식품
산수골 목장 산수골목장 햄 이야기 200g,햄/소시지(통조림/병제외)
바로선 볶음땅콩분태 300g (±5g),건식품
알뜰/짧은홍진미 1000g,건포류
쿡샾 스위트 콘 2950g,농산물통조림/병
Fresco 후르츠 칵테일 410g,농산물통조림/병
초록원 유기농 딸기잼 580g,농산물통조림/병
samlip 초코크림스프레드 500g,농산물통조림/병
리챔 오리지널 1020g,축산물통조림/병
해원유통 조미김가루 90g,해조류
Dongwon 양반 들기름김 200g (20g X 10봉),해조류
동원 스낵참치 상큼마요 100g,수산물통조림/병
볶음땅콩 210g,건식품
신화에프에스 구운쥐치포 320g,건포류
본엠베이컨 와인담음 100g,햄/소시지(통조림/병제외)
동원 황다랑어 올리브유참치 300g,수산물통조림/병
한성기업 마늘비엔나 92g,햄/소시지(통조림/병제외)
꿀먹은 홍삼말랭이 40 g,건식품
오뚜기 고등어,수산물통조림/병
해피넛 600g,건식품
복분자,건식품
목우촌 프라임 리얼 비엔나 300g,햄/소시지(통조림/병제외)
신기농원 애플링 20g,건식품
동원 더참치 소이갈릭,수산물통조림/병
청정원 구운 김밥용김 40g,해조류
오뚜기 참다랑어 고추참치 400g (100g X 4입),수산물통조림/병
동원참치 김치찌개용 250g,수산물통조림/병
바로선 프리미엄 믹스너트 1kg,건식품
한돈 백종원의 빽햄 200g,축산물통조림/병
CJ제일제당 그릴후랑크 치즈 300g,햄/소시지(통조림/병제외)
"골드 황도 슬라이스 3,060g",농산물통조림/병
구운사차인치 250g,건식품
RichFarm Nuts 볶음캐슈넛 600g,건식품
공용) 티라미수맛 아몬드 500g(25g×20개),건식품
SAJO 대림선 양꼬치맛에 꼬치다 100g,햄/소시지(통조림/병제외)
동원 상상육포 스리라차맛 40g,조미육가공
프레시안 햄스빌베이컨 160g,햄/소시지(통조림/병제외)
동원 통그릴후랑크 600g,햄/소시지(통조림/병제외)
가현김 12 g,해조류
동원 김치찌개용 꽁치 300g,수산물통조림/병
사조참치 사조찌개전용참치 안심따개 150g,수산물통조림/병
씨제이제일제당 계절어보 남해안 큰꼬막,수산물통조림/병
유동구슬골뱅이 400g,수산물통조림/병
비비고 버터간장 김자반 50g,해조류
사조참치 사조 고추참치 안심따개 85g,수산물통조림/병
Waitrose 퀸 올리브 절임 225g,농산물통조림/병
다향 흑마늘로 숙성한 담백한 슬라이스 훈제목심 400g,조미육가공
SAJO 사조살코기참치안심따개 300g,수산물통조림/병
오션스프레이 크레이진 건조크랜베리 블루베리맛 142g,건식품
Kandy's 캔딜라스 스테비아 오렌지 마멀레이드잼 370g,농산물통조림/병
PORK SKIN SNACK 돼지 껍데기 스낵 오리지널맛 50g,조미육가공
Sweet hug 통딸기쨈 1 kg,농산물통조림/병
CAMPBELL 토마토스프 305g,농산물통조림/병
동원 고추참치 100g,수산물통조림/병
SAJO 손이 안전한 안심따개 사조참치 살코기 135g,수산물통조림/병
강고집 맛있꾼먹태 불닭맛 30g,건포류
콘킹후랑크소시지 (Corn King Frank Sausage) 454g,햄/소시지(통조림/병제외)
Wellspia 밤통조림8 340g,농산물통조림/병
자연주의 100% 유기딸기잼 400g,농산물통조림/병
동원 오븐&통그릴 델리햄 300g,햄/소시지(통조림/병제외)
Duncan Hines 윌더니스블루베리파이필링(토핑) 595g,농산물통조림/병
토농이 건포도 280g,건식품
하림 포장마차식 양념근위 300g,조미육가공
백설햄 뉴메뉴햄 1kg,햄/소시지(통조림/병제외)
롯데햄 빅팜 불닭,햄/소시지(통조림/병제외)
sajo 사조찌개전용참치 안심따개 135g,수산물통조림/병
청정원 스위트콘 340g,농산물통조림/병
청정원 콰트로치즈 그릴프랑크 600g,햄/소시지(통조림/병제외)
로스팜 엔네이처 120g,축산물통조림/병
캠프&하우스 베이컨 160g,햄/소시지(통조림/병제외)
청정원 참나무로 훈연한 비엔나 740g,햄/소시지(통조림/병제외)
맥스봉 오리지널 후랑크 90g,햄/소시지(통조림/병제외)
초이스엘 한끼만족 김자반 27g,해조류
골든투스카니 강낭콩통조림 410g,농산물통조림/병
의성마늘프랑크꼬치 700g,햄/소시지(통조림/병제외)
Fisher 골든 솔티드 피넛 400g,건식품
닥터넛츠 아마존 20g,건식품
동원 오븐&통그릴 델리햄 김밥용 150g,햄/소시지(통조림/병제외)
프레시안 더(The) 건강한 베이컨 180g,햄/소시지(통조림/병제외)
백설 한입쏙비엔나 380g,햄/소시지(통조림/병제외)
SAJO 한돈 부어스트 오리지널 225g,햄/소시지(통조림/병제외)
심플 꾸이랑믹스넛 220g,건식품
이마트 맛있는 소시지 야채맛 160g,햄/소시지(통조림/병제외)
삼립 치킨BBQ쟈키 오리지날 20g,조미육가공
만전김 라버랜드 크런치 오리지널맛김 54g (4.5g x 12봉),해조류
디벨라 칙 피스 400g,농산물통조림/병
샹.달프 후르츠잼 170g,농산물통조림/병
올리브유로 볶은 파래자반 70g,해조류
소문난삼부자김(도시락) 15g,해조류
웰니스슁켄 500g,햄/소시지(통조림/병제외)
KAYA HOUSE 카야하우스 프리미엄 카야 그린 240g,농산물통조림/병
SuperJam 슈퍼잼 스트로베리 212g,농산물통조림/병
별애별참 감귤칩 20g,건식품
오물조물얌얌 아몬드호두파래돌김자반 45g,해조류
복음자리 45도과일잼 사과버터 200g,농산물통조림/병
채끝 스테이크 육포 100g,조미육가공
STEFF HOULBERG 프랑크프루터 소시지 640 g,햄/소시지(통조림/병제외)
오스카 마이어 베이컨 453g,조미육가공
올품 무항생제 닭안심 400g,조미육가공
삼현협동조합 맛있는 참기름 자반 볶음 50g,해조류
더(The)건강한 The 더건강한 베이컨 300g,햄/소시지(통조림/병제외)
청정원 우리팜 570g,축산물통조림/병
롯데햄 의성마늘 빅그릴비엔나 730g,햄/소시지(통조림/병제외)
heinz 하인즈 베이크드 빈스(햄소스 맛) 420g,농산물통조림/병
동원연어 동원 연어 270g,수산물통조림/병
동원 파인애플 234g,농산물통조림/병
Today Nut 볶음아몬드 250g,건식품
셰프원 쉐프원 고소한 김가루 1kg,해조류
마켓컬리 똑똑한 한끼견과 32g,건식품
자연미각 함초 돌자반 300g,해조류
LA DORIA S.p.A 골든투스카니 베이크드 빈즈 420g,농산물통조림/병
프레시안 햇바삭김 재래김 80g,해조류
오리지널 후랑크 70g,햄/소시지(통조림/병제외)
동원참치 살코기 6캔 + 동원참치 DHA 2캔 900g,수산물통조림/병
TOM'S 딸기맛 아몬드 210g,건식품
HBAF 구운양파아몬드 100g,건식품
황토가마에 구운 캐슈넛,건식품
Sunkist 파인애플 컵 400g,농산물통조림/병
백설햄 계란을 입혀 부쳐 먹으면 정말 맛있는 소시지 320g,햄/소시지(통조림/병제외)
CJ명가김재래김 40g,해조류
복음자리 바로 발라먹는 마늘버터 스프레드 100 g,농산물통조림/병
백설 구이한판 60g,햄/소시지(통조림/병제외)
CJ제일제당 더건강한 그릴김밥햄 280g,햄/소시지(통조림/병제외)
땅콩버터맛오징어 35g,건포류
대림선 본능에 맡기자 오븐구이 한입에 꼬치다 매운맛100g,햄/소시지(통조림/병제외)
목우촌햄 뚝심 600g,축산물통조림/병
HANWOOL 촉촉고구마스틱 200g,건식품
건강응원단 골드너트믹스 170g,건식품
건배 순한맛 우육포 40g,조미육가공
하림 하얀속살비엔나 546g,햄/소시지(통조림/병제외)
HONEST PROJECT 상큼한 블루베리칩 14g,건식품
해조명가 웰빙 돌자반볶음 50g,해조류
쥐치포 200g,건포류
상하농원 복분자 무화과잼 150g,농산물통조림/병
삼원가든 등심 소불고기 400g,조미육가공
"Live FRUITS 골든 파인애플 슬라이스 인 시럽 370g, 13 oz",농산물통조림/병
samlip 싱가폴식BBQ육포 매콤칠리 45 g,조미육가공
머거본 너츠포유 25g,건식품
한성기업 水(수)닭가슴살 150g,축산물통조림/병
값진보물 들기름 참기름김 64g,해조류
DONG WON 과육이 살아있는 동원포도잼 680g,농산물통조림/병
완두콩통조림 400g,농산물통조림/병
행복한 선물 황태채 1kg 1kg,건포류
매운오징어다리 15g,건포류
CW 패밀리 통팥빙수 3000g,농산물통조림/병
포도씨유 돌자반 70g,해조류
안주왕 구운호두 700g,건식품
너트매니아 건강 샐러드 토핑 300g,건식품
노브랜드 헤이즐넛 초코크림 400g,농산물통조림/병
복음자리 딸기잼 860g,농산물통조림/병
캠프&하우스 그릴비엔나,햄/소시지(통조림/병제외)
존쿡 델리미트 부어스첸 255g,햄/소시지(통조림/병제외)
동원 후루츠칵테일 234g,농산물통조림/병
선명농수산 하루견과 오리지널 250g (25g x 10봉입),건식품
존쿡 직화 그릴드 치킨브레스트 스트립 180g,햄/소시지(통조림/병제외)
프리미엄 소고기육포 420g,조미육가공
동원 비엔나소세지 676g,햄/소시지(통조림/병제외)
CJ The더건강한 자연에서 얻은 재료 샌드위치햄 100g,햄/소시지(통조림/병제외)
롯데바베큐햄 350g,햄/소시지(통조림/병제외)
simplus 딸기잼 1kg,농산물통조림/병
동원 더참치 TO GO 칠리맛 70g,수산물통조림/병
신성건해 국물용 멸치 150g,건포류
백설 그릴후랑크 오리지널 소시지 240g,햄/소시지(통조림/병제외)
DONGWON 동원 상상육포 오리지널 180g,조미육가공
CJ The 더건강한 의성마늘햄 480g,햄/소시지(통조림/병제외)
복음자리 땅콩버터 크런치 510g,농산물통조림/병
정담은미소 곤드레톡 40g,건식품
청해명가 여수멸치 조림용 150g,건포류
Hunt's 헌트 토마토퓨레 3.03kg,농산물통조림/병
롯데쇼핑 육즙이 풍부한 후랑크 320g,햄/소시지(통조림/병제외)
알래스카연어 알래스카 연어 옐로우커리 135g,수산물통조림/병
머거본 핫스파이시땅콩 110g,건식품
오뚜기 후루츠쨈 850g,농산물통조림/병
엔네이처 미니꼬치 225g,햄/소시지(통조림/병제외)
한성기업 불고기스모크 600g,햄/소시지(통조림/병제외)
청양구기자가 들어간 황기백숙 재료 70g,건식품
큐원 건조 크랜베리 50g,건식품
코코새우 60g,건포류
스팸 클래식 1080g,축산물통조림/병
탐라원 몽글몽귤 30g,건식품
B-G 바나나칩 800g,건식품
대명건해 해남 파래김 60g,해조류
사조안심 상큼유자 닭가슴살 110g,조미육가공
DONGWON 상상 리챔 스파이시 햄맛 40g,햄/소시지(통조림/병제외)
단짠어포 60g,건포류
술안주촌 맥주랑 3단 안주 70g,건포류
만전김 할아버지가 만든 김가루 45g,해조류
오뚜기 오이피클 3 Kg,농산물통조림/병
주부9단 비엔나소시지 450g,햄/소시지(통조림/병제외)
Waitrose DUCHY 더치 유기농 키드니 빈 인 워터 400g (고형량 240g),농산물통조림/병
유로셀렉션 바이스부어스트 로스트 갈릭&어니언 126g,햄/소시지(통조림/병제외)
다향 흑마늘로 숙성한 담백한 슬라이스 훈제삼겹 400g,햄/소시지(통조림/병제외)
해야미 참스틱오징어 400g,건포류
농협아름찬 감말랭이,건식품
바다한입 쥐치포채 450g,건포류
싱쿡 한끼비엔나 90g,햄/소시지(통조림/병제외)
미스터콘 미스터 콘 40g,햄/소시지(통조림/병제외)
코주부 와규육포 400 g,조미육가공
채끝 스테이크 육포 150g,조미육가공
유동꽁치 280g,수산물통조림/병
평화나무농장 훈제 소시지 250g,햄/소시지(통조림/병제외)
본엠통그릴부어스트 500g,햄/소시지(통조림/병제외)
오뚜기 고추참치 135G X 4입,수산물통조림/병
플랜터스 믹스드넛 765g,건식품
해저식품 광천해저두번구운김밥김 20g,해조류
복음자리 킹스베리 딸기잼 350g,농산물통조림/병
유기농 프리미엄 믹스넛 700g,건식품
프레시안 더(The) 건강한 비엔나소시지 160g,햄/소시지(통조림/병제외)
TASTI 테스티 넛바 요거트 후르츠 앤 넛 175g,건식품
롯데햄 롯데 의성마늘 프랑크 260g,햄/소시지(통조림/병제외)
존쿡 델리미트 킬바사 치즈 270g,햄/소시지(통조림/병제외)
천하장사 더블링 콰트로치즈 400g,햄/소시지(통조림/병제외)
청정원 호밍스 바베큐 쪽갈비 450g,조미육가공
더 퀴진 커리부어스트 140g,햄/소시지(통조림/병제외)
까페리나 케이퍼 서파인즈 950grs,농산물통조림/병
머거본 알땅콩 55g,건식품
SEA U AGAIN 톳샐러드 200g,해조류
안주 왕 매일좋은견과 오리지날 800g,건식품
나라 100% 망고말랭이 80g,건식품
맥반석오징어 45g,건포류
AROY-D 나타데 코코 인 망고쥬스 450g,농산물통조림/병
앙팡 호호김 2.5g,해조류
해우촌 장흥무산김 20g,해조류
오뚜기 마일드참치 400g(100g X 4입),수산물통조림/병
소문난 삼부자김 36g,해조류
더킴스 퍼핑현미,해조류
샘표 질러 까먹자 치즈콕콕 70g,조미육가공
무첨가 백진미 250g,건포류
Homeplus Signature 두번구워 고소한 소안도 구운김밥김 20 g,해조류
올반삼계탕 900g,조미육가공
MONTESANO EXTREMADURA S A 이베리안 초리조 슬라이스드 100g,햄/소시지(통조림/병제외)
Tom's 떡볶이맛아몬드 130g,건식품
농협 아름찬 광천김 자반 50g,해조류
청정원 한입비엔나 330g,햄/소시지(통조림/병제외)
하림 무항생제 아랫날개(윙) 400 g,조미육가공
넛츠팜 볶음땅콩 1kg,건식품
GALIM 딸기잼 3kg,농산물통조림/병
하림 하얀속살 하얀속살닭가슴살갈릭 110g,햄/소시지(통조림/병제외)
COLOR FOODS 리얼칩믹스10 250 g,건식품
Bellota-Bellota 초리조 데 베요타 이베리코 30g,햄/소시지(통조림/병제외)
황태채 100g,건포류
유가원 유기농 캐슈넛 160g 160g,건식품
허니버터오징어 35g,건포류
camfriends 바이히부어스트 스모크 230g,햄/소시지(통조림/병제외)
DRY&FISH 롱사이즈 쥐치포 230g,건포류
튤립햄 클래식 600g,축산물통조림/병
SEA U AGAIN 꼬시래기 200g,해조류
오리지날베이컨_450g*3ea,조미육가공
메추리알과 꽈리고추로 맛을 더한 동원 장조림 135g,축산물통조림/병
주부9단 비엔나소시지 700g,햄/소시지(통조림/병제외)
CJ제일제당 쉐프솔루션 맘모스햄 1kg,햄/소시지(통조림/병제외)
백설햄 백설 불고기햄 340g,햄/소시지(통조림/병제외)
동원 미니언즈 카레참치 540g (135g x 4캔),수산물통조림/병
그릭슈바인 고단백 굵은살 델리햄 350g,햄/소시지(통조림/병제외)
바다한입 진미채 100g,건포류
베베쿡 처음먹는 어린이 김자반 해물야채 25g,해조류
리고 오렌지 마말레이드(LIGO ORANGE MARMALADE) 907g,농산물통조림/병
해표 더 고소한 김 파래김 4g,해조류
고소한 볶음알땅콩 500g,건식품
HBAF 김맛아몬드 120g,건식품
참살이 으뜸돈육포 500g,조미육가공
JOHNCOOK DELI MEATS 담백한 베이컨 300 g,조미육가공
노브랜드 황다랑어로 만든 고추참치 150g,수산물통조림/병
mornings 파인애플청크 3035g(고형량:1863g),농산물통조림/병
한성기업 핫치킨경단 140g,햄/소시지(통조림/병제외)
복음자리 고구마버터 스프레드 100g,농산물통조림/병
쓰리스푼 애플시나몬잼 200 g,농산물통조림/병
동원 통살로 꽉 채운 통그릴 비엔나 1000g,햄/소시지(통조림/병제외)
인조이믹스너트 550g,건식품
더킴스 꾸이핑거,해조류
진주 샌드위치햄 100g,햄/소시지(통조림/병제외)
더 담은 김자반 60g,해조류
우림 딸기쨈 3kg,농산물통조림/병
"다향오리 다향훈제오리1050 1,050g",조미육가공
김연구가 박향희 박향희오!고소김자반 20g,해조류
동원참치 라이트스탠다드 600g,수산물통조림/병
보리멸뼈칩 50g,건포류
수작우육포 순한맛 100G,조미육가공
동원 볶음카레참치 150g,수산물통조림/병
BeBecook 베베쿡 처음 먹는 어린이김 15g,해조류
복음자리 통통단팥 360g,농산물통조림/병
별빛팡팡아몬드 190g,건식품
아워홈 후레쉬프랑크 오리지널 260g,햄/소시지(통조림/병제외)
아워홈 참나무향 그윽한 닭가슴살 130g,햄/소시지(통조림/병제외)
좋은세상 조미건쥐치포 7매 300g 이상,건포류
명가 오가닉 삼각김밥김 10g,해조류
바다가치 꼬시래기 800g,해조류
풀무원 들기름으로 더 향긋한 파래김 80g (4g X 20봉),해조류
샹.달프 라즈베리 앤 석류 170g,농산물통조림/병
바다향가득 곱창돌김 3.5g*6P (도시락용),해조류
청정원 들기름 바사삭김 64g,해조류
Mornings 스위트커널콘 425g,농산물통조림/병
올넛 600g,건식품
"맥스봉 직화구이 꼬치바 청양고추 & 오리지널 720g (청양고추 90g x 4개, 오리지널 90g x 4개)",햄/소시지(통조림/병제외)
롯데햄 롯데 에센뽀득프랑크 70g,햄/소시지(통조림/병제외)
동원 오븐&통그릴 폭찹스테이크 스파이시 280g,햄/소시지(통조림/병제외)
양반 명품 김자반 50g,해조류
황토가마에 구운호두 140g,건식품
Green Nut 로스티드&솔티드 피스타치오 200g,건식품
덴마크햄 덴마크 화이트 후랑크 500g,햄/소시지(통조림/병제외)
건블루베리 350g,건식품
코레드인터내쇼날 유기농 캐슈넛 160g,건식품
세이브엘 딸기과육이 살아있는 딸기잼 500g,농산물통조림/병
홍진미(200g) 200g,건포류
청정원 딸기쨈 750g,농산물통조림/병
목우촌 닭가슴살 양념치킨 150g,축산물통조림/병
DRY&FISH 구운대구노가리 200g,건포류
건강한 식탁 건시래기 100g,건식품
목우촌 주부9단 오리 통다리살로 만든 오븐구이 슬라이스 400g,조미육가공
머거본 빼빼한통(매운맛) 120g,건포류
POMODORI 포모도리 펠라티 400g,농산물통조림/병
델몬트 파인애플 슬라이스 3050g,농산물통조림/병
청정원 명란 바사삭 김자반 50g,해조류
시골돌김 72g,해조류
NOBRAND 간편하게 비벼먹는 김자반 65g,해조류
고소하고 향긋한 완도 김밥김 20g,해조류
CJ The 더건강한 그릴비엔나 560g,햄/소시지(통조림/병제외)
풀무원 참기름을 섞어 더욱 고소하게 구워낸 재래김 64g,해조류
DURKEE MOWER 플러프 마쉬멜로 인공 스트로베리향 213g,농산물통조림/병
좋은세상 유산균 견과 스페셜 300g,건식품
한성기업 쇠고기 육포 45g,조미육가공
명성식품 꼬꼬마 통한입어포 230g,건포류
바다내음 듬뿍미역 70g,해조류
Bonne Maman 본마망 오렌지마멀레이드 370g,농산물통조림/병
식자재왕 베이컨 500g,햄/소시지(통조림/병제외)
복음자리 헤이즐넛초코 스프레드 400g,농산물통조림/병
비타자숙 토란대 1.5kg,건식품
from the sea 특대왕 쥐치포 200g x 2EA,건포류
스위트콘 340g,농산물통조림/병
Tom's 김맛아몬드 150 g,건식품
Andan Jam 안단 저칼로리 라즈베리잼 220g,농산물통조림/병
육공방 생소시지 유러피안 허브&할라피뇨 500g,햄/소시지(통조림/병제외)
오뚜기 아임스틱 쨈 딸기 200g (20 gX10개),농산물통조림/병
사조 안심팜 115g,축산물통조림/병
좋은세상 마른대구(노가리) 80g,건포류
아라움 피쉬앤칩스 45g,건포류
IMSIL CHEESE 임실치즈오징어 60g,건포류
오징어굿다리,건포류
이마트 구운사차인치 250g,건식품
세움 구운피칸 450g,건식품
MACKAYS 맥케이 딸기쨈 340g,농산물통조림/병
해쉼 포도칩 35g,건식품
동원참치 라이트스탠다드 100g,수산물통조림/병
사조 살코기참치 / 고추참치 600g,수산물통조림/병
"파인애플 슬라이스 3,050g",농산물통조림/병
rich farm 브라질넛 200g,건식품
머거본칵테일스낵 230g,건식품
싱쿡 한끼 후레시팜 80g,햄/소시지(통조림/병제외)
HBAF 군옥수수맛 땅콩 & 불갈비맛 오징어 50g,건식품
해표 더 고소한 김 재래김 40g,해조류
잇츠나우 소스닭가슴살 갈비 110g,조미육가공
유동 깔끔하게 매운 순살 왕꼬막 280g,수산물통조림/병
주부9단 불고기햄 300g,햄/소시지(통조림/병제외)
로하이 런천미트 680g,축산물통조림/병
meica 비엔나 540g,햄/소시지(통조림/병제외)
쥐포구이채 130g,건포류
"캐슈넛(볶음캐슈넛,첨가물無) 200g",건식품
정화 구운참진미오징어 400g,건포류
동원참치 동원 황다랑어 포도씨유참치 150g,수산물통조림/병
머거본 커피땅콩 300g,건식품
주부9단 살코기햄 1kg,햄/소시지(통조림/병제외)
동원 진미채조림 60g,수산물통조림/병
토종김 한식 김자반 50g,해조류
청정원 불고기왕꼬치 100g,햄/소시지(통조림/병제외)
바프 먼투썬 6주 840g (20g x 42EA),건식품
The 더건강한 브런치슬라이스 오리지널 250g,햄/소시지(통조림/병제외)
Tom's Farm 1982 허니버터마카몬드 30g,건식품
광천 뿌려 김가루 60g,해조류
건국햄 튜링어부어스트 180g,햄/소시지(통조림/병제외)
samlip EATS 매일아침 맛있는 슬라이스햄 320g,햄/소시지(통조림/병제외)
가족을 생각하고 마음으로 담은 황기 40g,건식품
에스앤더블유 프리미엄 파인애플 슬라이스 (S&W PREMIUM PINEAPPLE SLICES) 836g,농산물통조림/병
한성 과일숙성후랑크 70g,햄/소시지(통조림/병제외)
백설햄 계란을 입혀 부쳐 먹으면 정말 맛있는 오징어와 새우맛 소시지 160g,햄/소시지(통조림/병제외)
티젠 그린티 밀크 스프레드 200g,농산물통조림/병
올품 굽닭 순살큐브 400g,조미육가공
장수농가 맛있구마! 반건조 고구마 60g,건식품
파래김 120g,해조류
초록원 딸기잼 1kg,농산물통조림/병
동원 상상 비프 앤 치즈 80g,햄/소시지(통조림/병제외)
원더풀 피스타치오 (무염) 600g (300g x 2),건식품
로하이 런천미트 200g,축산물통조림/병
짱죽 딸기요거트큐브 16g,건식품
해표 광천김 200g,해조류
올품 무항생제 닭다리(북채) 400g,조미육가공
사조 통살참치 마라 100g,수산물통조림/병
식자재왕 모듬부대햄 1kg,햄/소시지(통조림/병제외)
좋은세상 바나나칩 130g,건식품
하이바다 윤기가 흐르는 김밥용김 35g이상(20매),해조류
사조 안심 닭가슴살 90g,축산물통조림/병
엔네이처 그린레시피 치킨프랑크 260g,햄/소시지(통조림/병제외)
브라질넛 500g,건식품
한진 추억의 옛날 그 맛 월드컵 어포 24g,건포류
바로선 커피땅콩 350g (±5g),건식품
백설 햄스빌아침에베이컨 70g,조미육가공
"CHIPMUNK 뛰는 허니버터 위에 나는, 호두깡 65g",건식품
자연앤자연동원매운골뱅이 135g,수산물통조림/병
몬 람부탄&파인애플 565g,농산물통조림/병
롯데햄 스모크햄 1000g,햄/소시지(통조림/병제외)
캠프렌즈 비바크부어스트 300g,햄/소시지(통조림/병제외)
손질한 황태채 250g,건포류
레몬향 훈제 오징어 30g,건포류
화풍 표고버섯홀 2800g (고형량 1500g),농산물통조림/병
건아로니아베리 400g,건식품
only price 고소한 식탁김 100g,해조류
바다원 녹차 돌김자반볶음,해조류
판단 카야 425g,농산물통조림/병
진심의작품복음자리잼 복음자리 사과잼 480g,농산물통조림/병
참대추칩 140g,건식품
스팸 클래식 340g,축산물통조림/병
촉촉한버터구이오징어 210 g,건포류
서울우유Cheese 치즈육포 60g,조미육가공
dried food 구운아몬드 300g,건식품
닭가슴살 프랑크소시지 오리지널 70g,햄/소시지(통조림/병제외)
DRY&FISH 빼빼롱다리 190g,건포류
사조안심 직화닭가슴살 트러플 100g,조미육가공
태청 프리미엄 믹스윗2 500g,건식품
자연산 돌각미역 100g,해조류
아임닭 고추씨 송송 수제 매콤 닭가슴살 육포 20 g,조미육가공
농협목우촌 프라임 목우촌햄 1.8kg,축산물통조림/병
PEACOCK 딸기 담은 잼 350g,농산물통조림/병
어머니김 두번구운 김밥김 20g이상,해조류
영이天 유기농 아로니아 잼 300g,농산물통조림/병
베베쿡 처음 먹는 어린이 김 15g,해조류
동원참치 동원정통불고기참치 100g,수산물통조림/병
목우촌 주부9단 슬라이스햄 100g,햄/소시지(통조림/병제외)
"Live FRUITS 애플망고 슬라이스 인 망고쥬스 990g, 35oz",농산물통조림/병
쌈곰피 50g,해조류
청해명가 여수멸치 조림용 300g,건포류
엔네이처 부드러운프랑크 384g,햄/소시지(통조림/병제외)
SMOKEDELI 훈제치킨 500g,조미육가공
청양고추맛 닭가슴살 큐브 100g,조미육가공
화풍 죽순 홀 2840g,농산물통조림/병
Dongwon 동원 쇠고기육포 바이트 50g,조미육가공
브라질넛 믹스 250g,건식품
달콤 황태스낵 60g,건포류
스팸 클래식 680g,축산물통조림/병
건크랜베리 180g,건식품
동원 와인담음베이컨 100g,햄/소시지(통조림/병제외)
쓰리스푼 블루베리 시나몬잼 200 g,농산물통조림/병
청정원 숯불바베큐소시지 290g,햄/소시지(통조림/병제외)
김연구가 박향희 오메가플러스전통김 23g(0.81oz),해조류
HONEST PROJECT 상큼한 딸기칩 7g,건식품
오달 프리미엄 바나나칩 57g,건식품
헬리오스 복숭아잼 330g,농산물통조림/병
통통딸기잼,농산물통조림/병
무항생제 닭볶음용 800g,조미육가공
근위 400g,조미육가공
동원 고등어 무조림 280g,수산물통조림/병
SMUCKER'S 스머커스 스퀴즈 딸기잼 567g,농산물통조림/병
명품쇠고기육포 45g,조미육가공
진주식품 불고기구이맛 오징어 30g,건포류
롯데푸드 키스틱 말랑카우 345g,햄/소시지(통조림/병제외)
자른다시마 500g,해조류
꿀땅콩 300 g,건식품
오스카 마이어 스모크 소시지 397g,햄/소시지(통조림/병제외)
초이스엘 아삭아삭 연근조림 70g,농산물통조림/병
삼아 강낭콩 다크레드 2500g(고형량: 1375g),농산물통조림/병
리챔 더블라이트 900g (300g x 3개입),축산물통조림/병
프레시안 레겐스부르거 140g,햄/소시지(통조림/병제외)
청정원 리치부어스트 칼집 콘프랑크 300g,햄/소시지(통조림/병제외)
유가원 유기농 심쿵넛츠 캐슈넛 코코넛칩 150g,건식품
대림선 뚝딱! 산적꼬치세트 515g,햄/소시지(통조림/병제외)
롯데햄 요리조리 라운드햄 460g,햄/소시지(통조림/병제외)
건국햄 비어슁켄 500g,햄/소시지(통조림/병제외)
존쿡델리미트 목살 베이컨 스테이크 100g,조미육가공
CJ 그릴비엔나 740g,햄/소시지(통조림/병제외)
헤로 블루베리 잼 340g,농산물통조림/병
올반 바짝 오리 고추장불고기 200g,조미육가공
샘표 질러 직화육포 200g,조미육가공
오뚜기 유기 딸기쨈 300g,농산물통조림/병
SKIPPY 스키피 땅콩버터-로스티드 허니 넛 청크 462g,농산물통조림/병
JUNGDAWN 오리스테이크 400g,햄/소시지(통조림/병제외)
제뉴인 크랩 영덕 게살 90g,수산물통조림/병
동원참치 건강한참치 저나트륨 150g,수산물통조림/병
맑은농산 건망고 170g,건식품
동원 야채참치 100g,수산물통조림/병
깨끗한바다 청해명가 삼천포 밥새우 150g,건포류
Tom's Farm HBAF 허니버터아몬드&프렌즈 Young Pack 10g x 20EA,건식품
복음자리 무농약 무화과로 만든 잼 350g,농산물통조림/병
DAESANG 청정원 호밍스 삼계탕 800g,조미육가공
요리엔언제나 크랜베리와 뿌려먹는 웰빙견과 200g,건식품
CJ The 더건강한 브런치슬라이스 오리지널 250g,햄/소시지(통조림/병제외)
추억의 그맛 어포 112g,건포류
Tom's farm 1982 티라미수맛아몬드 120 g,건식품
FOOD ZONE 코코파이 현미 70 g,건식품
해맑은푸드 조미오징어채(백진미 오징어채) 400g,건포류
볶음용멸치 250g 250g,건포류
지도표 성경 녹차 돌자반 70g,해조류
NARA 사차인치와 브라질넛이 들어간 슈퍼믹스 480g,건식품
CAMFRIENDS 통살 슁켄 230g,햄/소시지(통조림/병제외)
Organic Story 유기농 고운김 15g,해조류
Mornings 황도 슬라이스 3060g,농산물통조림/병
영지버섯 200g,건식품
질러 부드러운 육포 90g,조미육가공
동원 쇠고기 육포 50g,조미육가공
하나가득 자른미역 150g,해조류
스팸마일드 200g,축산물통조림/병
하나로 오케이쿡 오케이쿡떡갈비 224g,조미육가공
샘표 질러 부드러운 육포 200 g,조미육가공
맥스봉 오리지널 비엔나 140g,햄/소시지(통조림/병제외)
뉴잉글랜드 제노아살라미&프로볼론치즈&타랄리 85g,햄/소시지(통조림/병제외)
더 바삭한 양반김 60g,해조류
건강드림 후르츠 견과믹스 250g,건식품
롯데햄 로스트 슬라이스햄 80g,햄/소시지(통조림/병제외)
Tom's Farm 1982 별빛팡팡 아몬드 150 g,건식품
ONLY price Only Price 깔끔하게 짜먹는 딸기잼 550g,농산물통조림/병
존쿡 델리미트 치킨브레스트 필렛 120g,햄/소시지(통조림/병제외)
무항생제 치킨까스용 300g,조미육가공
CJ 맥스봉 직화구이 꼬치바 스팸 80 g,햄/소시지(통조림/병제외)
박향희파래김자반 60G,해조류
설악골 황태채 150g,건포류
BOCAGE 포크샐러드 300g,축산물통조림/병
롯데햄 의성마늘빅그릴비엔나 600g(300g+300g),햄/소시지(통조림/병제외)
맛있는 풍경 해물김자반볶음 40g,해조류
동원참치 살코기 420g,수산물통조림/병
다향오리 다향훈제오리900 900g,조미육가공
유동골뱅이 400g,수산물통조림/병
PEACOCK 칠리 닭가슴살 140g,햄/소시지(통조림/병제외)
양반 들기름김 3봉,해조류
만전두번구운김 삼각김밥용 24g,해조류
동원 딸기잼 680g,농산물통조림/병
피칸 200 g,건식품
동아수산 볶음용멸치 150g,건포류
동원 통그릴 동원 캠핑&통그릴 스테이크 240g,햄/소시지(통조림/병제외)
델립 스모크햄 1kg,햄/소시지(통조림/병제외)
온리프라이스 국내산 돼지고기로 만든 비엔나 520g,햄/소시지(통조림/병제외)
미트라인 양념돼지갈비 1kg,조미육가공
머거본 하니아몬드 135g,건식품
하림 닭가슴살 Real 비엔나 훈제 80g,햄/소시지(통조림/병제외)
땅콩버터구이오징어 35g,건포류
한성기업 김밥준비 한번에 OK 505g,햄/소시지(통조림/병제외)
진주식품 한입육포 40g,조미육가공
지도표재래식가루김 1kg,해조류
하림 무항생제 닭 윗날개(봉) 400g,조미육가공
복음자리 토스트&잼 오리지널 200g (20g x 10개),농산물통조림/병
신화에프에스 (이마트)맛있게구운쥐치포,건포류
황토가마에 구운 프리미엄 넛츠.베리 플러스,건식품
유동 깔끔하게 매운 자연산골뱅이 300 g,수산물통조림/병
동원 엄마는 김밥의 달인(김밥세트) 470g,햄/소시지(통조림/병제외)
사조 통살참치 트러플 100g,수산물통조림/병
존쿡 델리미트 들기름을 넣어 고소한 비엔나 255 g,햄/소시지(통조림/병제외)
사브작 매콤페퍼 아몬드촘촘,조미육가공
Urban Daddy 유기농 건포도 (건포도99%함유) 160g,건식품
무항생제 샐러드용 닭고기 300g,조미육가공
골드믹스 280g,건식품
스팸클래식 600g,축산물통조림/병
피코크 울트라빅 치즈 후랑크 90g,햄/소시지(통조림/병제외)
Jae Kae Noi 타이케이노이 빅롤 스파이시 18g,해조류
좋은세상 로스티드 피너츠 200g,건식품
다향훈제오리 탄두리 500g,조미육가공
해저식품 광천올리브김 55g,해조류
캠프렌즈 치즈미니윈너 480g,햄/소시지(통조림/병제외)
알래스카연어 300g,수산물통조림/병
넛츠팜 브라질 너트 400g,건식품
넛츠팜 커피땅콩 1kg,건식품
청정원 우리팜 델리 570g,축산물통조림/병
김경숙해바라기 해바라기 훈제 바베큐포크 40g,조미육가공
Golden Coconut (골든코코넛) 240g,농산물통조림/병
존쿡 델리미트 킬바사 스낵 50g,햄/소시지(통조림/병제외)
소백산 황태채 200g,건포류
부드럽고 매콤한 황태 130g,건포류
광천김 광천 녹차김 20g,해조류
청정원 건강생각 라운드햄 450g,햄/소시지(통조림/병제외)
TRADERS DEAL 볶음 아몬드 1kg,건식품
브링커스 잇츠마이라이프 유기농 다크초콜릿 스프레드,농산물통조림/병
일해 오징어 롱다리 20g,건포류
프레시안 그릴 후랑크 600g,햄/소시지(통조림/병제외)
오뚜기 살코기 마일드참치 원조 200g,수산물통조림/병
SKIPPY 스키피 땅콩버터-청크 1.81kg,농산물통조림/병
무항생제 윗날개(봉) 400g,조미육가공
오렌지 마말레이드 (ZUEGG ARANCE MARMELLATA) 330g,농산물통조림/병
동원 지중해황도 820 g,농산물통조림/병
너츠하임믹스넛그린 1kg,건식품
황기 100g,건식품
DONGWON 상상 버터오징어&어포 60 g,건포류
피셔 스위트넛 트레일 믹스 113g,건식품
복음자리 흑당 스프레드 235g,농산물통조림/병
건국햄 본레스햄 300g,햄/소시지(통조림/병제외)
프레시안 더(The)건강한 브런치슬라이스 허니 100g,햄/소시지(통조림/병제외)
볶음땅콩 230g,건식품
내설악 황태머리 500g,건포류
청정원 우리팜 델리 190g,축산물통조림/병
사조 생생참치 스파이시 115g,수산물통조림/병
TONG GARDEN 와사비그린피스 50g,건식품
대림선 名品 김밥세트 570g,햄/소시지(통조림/병제외)
제주팜플러스 프루낵(사과) 20g,건식품
신성건해 조리용 멸치 150g,건포류
사조 얼리지 않은 생생참치 핫스파이시 115g,수산물통조림/병
앙금나라단팥 850g,농산물통조림/병
롯데햄 라퀴진 롱에센뽀득 145g,햄/소시지(통조림/병제외)
코끼리 표고버섯(채) 2840g,농산물통조림/병
뚝딱참치 볶음장 150g,수산물통조림/병
런천미트 340g,축산물통조림/병
선산식품 뼈없는닭발 1kg,조미육가공
안옥남 기장 수라미역 100g,해조류
동원 고등어 400g,수산물통조림/병
볶음용 멸치 300g,건포류
자연산유동골뱅이 6묶음,수산물통조림/병
해표 간편미역 45g,해조류
사조 살코기연어 안심따개 405g,수산물통조림/병
쥐포가맛있다. 조미쥐치포 100g,건포류
대상 복음자리 올리고당 딸기잼 460g,농산물통조림/병
소니가 미니믹스,건식품
롯데햄 의성마늘햄 180g,햄/소시지(통조림/병제외)
메가믹스 1.3 kg,건식품
Hero 헤로 블랙체리 잼 (HERO BLACK CHERRY JAM) 340g,농산물통조림/병
육공방 스노우부어스트 90g,햄/소시지(통조림/병제외)
프레시안 더(THE) 건강한 델리카트슨 비엔나 300g,햄/소시지(통조림/병제외)
올품 닭근위 400g,조미육가공
존쿡 델리미트 수비드포크밸리 250g,조미육가공
캠프렌즈 커리부어스트 280g,햄/소시지(통조림/병제외)
안옥남 완도 자른다시마 200g,해조류
cj제일제당 그릴 후랑크 오리지널 480g,햄/소시지(통조림/병제외)
Varif 베이크드 빈스 2700g,농산물통조림/병
복음자리 4가지 국산 과일잼 1260g,농산물통조림/병
더비비고 황기닭백숙 600g,조미육가공
뉴스모크햄 1kg,햄/소시지(통조림/병제외)
존쿡 카나디안 베이컨 150g,햄/소시지(통조림/병제외)
동원 통그릴햄 동원 통그릴후랑크 치즈쏙쏙 (240gX2개) 480g,햄/소시지(통조림/병제외)
동원 고추참치 덕용 1880g,수산물통조림/병
K&K 정어리 데리야끼 105g(고형량75g),수산물통조림/병
사조 安心(안심)오리팜 200g,축산물통조림/병
DRIED FOOD 백진미오징어 500g,건포류
진주햄 캠쿡그릴후랑크 350g,햄/소시지(통조림/병제외)
CJ제일제당 The더건강한 닭가슴살 큐브톡톡 96g,조미육가공
SEA U AGAIN 해초비비고 200g,해조류
무인도 들기름으로 구운 재래김,해조류
한마리 양을 담은 먹태구이 140g,건포류
바다원 야채랑 치즈랑 27g,해조류
건강한 100살 대추스낵 80g x 3,건식품
"팔돈막창 양념 돼지 껍데기 430g (돼지등심벌집껍데기 400g, 123막창 불소스 30g)",조미육가공
꾸이킹오리지널 220 g,건포류
존쿡 델리미트 잇츠베이컨 300g,햄/소시지(통조림/병제외)
오뚜기 햄 800g,햄/소시지(통조림/병제외)
varif 베이크드 빈스 420g,농산물통조림/병
펭귄꽁치보일드 400g,수산물통조림/병
레시피아 양송이 통조림(홀) 2480g (고형량 1500g),농산물통조림/병
안단 얼그레이 코코넛잼 220g,농산물통조림/병
수월한 양념오돌뼈 350g,조미육가공
포차골뱅이 간장소스,수산물통조림/병
7D 건조망고 80g,건식품
커피땅콩 50g,건식품
강낭콩 400g,농산물통조림/병
오뚜기 달콤함이 살아있는! 백도 400g,농산물통조림/병
동원연어 오리지날&칠리 405g,수산물통조림/병
서울식품 조미건 오징어 다리 35g,건포류
머거본 불닭볶음아몬드 210g,건식품
해표 더 고소한 김 재래김 64g (4gx16봉),해조류
로스티드 솔티드 피넛 140g,건식품
롯데햄 런천미트 340g,축산물통조림/병
하루견과 베리머치 크랜베리 400g,건식품
HBAF 와사비맛 아몬드 100g (10g x 10EA),건식품
조림용 멸치,건포류
동원 자연산 고등어 300g,수산물통조림/병
HEINZ 하인즈 베이크드 빈스 토마토 소스 420g,농산물통조림/병
SMUCKER'S 스머커스 스위트 오렌지잼 510g,농산물통조림/병
이마트 제대로 만든 치킨브레스트 슬림 100g,햄/소시지(통조림/병제외)
황태채 500g,건포류
육공방 생소시지 할라피뇨 250g,햄/소시지(통조림/병제외)
TULIP 촙트포크햄 1810g,축산물통조림/병
건국햄 건국 린드부어스트 180g,햄/소시지(통조림/병제외)
사조 얼리지 않은 생생참치 핫스파이시 115g,수산물통조림/병
samlip 육식본능 비빔불고기 360g,조미육가공
해저식품 광천해저 들기름김 69g,해조류
DRIED FOOD 볶음땅콩 300g,건식품
Tom's 허니버터아몬드 130g,건식품
유동 1초골뱅이 조림 140g,수산물통조림/병
포모도리 필라티 800G,농산물통조림/병
러브잇 소프트 닭가슴살 오리지널 100g,햄/소시지(통조림/병제외)
청정원 우리팜 아이사랑 190g,축산물통조림/병
한산애 감초 150g,건식품
레시피아 표고버섯 통조림(채) 2800g,농산물통조림/병
마른 미역 100g,해조류
동원 황다랑어 올리브유참치 250g,수산물통조림/병
노브랜드 리얼 런천미트 340g,축산물통조림/병
바로선 바나나칩 900g(±5g),건식품
SW 먼바다 뿌리다시마 500g,해조류
북어머리(500g) 500g,건포류
노브랜드 맛있는 리얼팜 340g,축산물통조림/병
Khao Shong Nuts 카오숑 코코넛 땅콩과자 160g,건식품
수월한 양념근위 350g,조미육가공
신성건해 국물용 멸치 300g,건포류
숯불에구운우육포,조미육가공
대림선 부어스트 잠룽 900g,햄/소시지(통조림/병제외)
동원참치 살코기 150g,수산물통조림/병
SWEET & CHEWY 대추야자 700g,건식품
사조 휠터치커플 160g,햄/소시지(통조림/병제외)
돌자반 270g,해조류
유어스 실속구운쥐치포 75g,건포류
제주보석건귤 30g,건식품
이마트 제대로 만든 매콤한 꼬치 후랑크 260g,햄/소시지(통조림/병제외)
아이배냇 꼬마 짜먹는 무화과잼 130g,농산물통조림/병
원더풀 피스타치오 (무염) 300g,건식품
SMUCKER'S 스위트 오렌지 마멀레이드 1020g,농산물통조림/병
Rio Santo 케이퍼 360g,농산물통조림/병
머거본 꾸이랑 믹스넛 220g,건식품
오뚜기 김치찌개용참치 400g (100gX4입),수산물통조림/병
발투센유기농칙피 350g,농산물통조림/병
오뚜기 가벼운 참치 라이트스탠다드 200g,수산물통조림/병
복음자리 무농약딸기로 만든잼 360g,농산물통조림/병
복숭복숭해 29g,건식품
목우촌 혼신 반마리야 400g,조미육가공
정화 불고기진미오징어 30g,건포류
김연구가 박향희 불향솔솔 전통김 9g,해조류
NARA 베지 X 넛츠믹스 550g,건식품
한살림 황태바삭 달콤한 맛 25g,건포류
남양 아이꼬야 유기농 한번 더 안심김 45g (1.5g x 30입),해조류
유동 구슬 골뱅이 140g,수산물통조림/병
델립 숯불구이맛 후랑크 140g,햄/소시지(통조림/병제외)
No Brand THE 두툼한 베이컨 300g,조미육가공
대상 청정원 정월맛찬김 30g,해조류
사조 365.24 오징어&땅콩 와사비 37g,건식품
BeBecook 처음먹는 까망소시지,햄/소시지(통조림/병제외)
양반 참깨김 80g,해조류
신선미켄터키후랑크 1000g,햄/소시지(통조림/병제외)
선명농수산 땡큐베리넛츠 600g (20g x 30봉),건식품
DONGWON 동원 통그릴비엔나 치즈쏙쏙 480 g,햄/소시지(통조림/병제외)
DRIED FOOD 건포도 500g,건식품
의성마늘햄 롯데햄 의성마늘햄 1100g,햄/소시지(통조림/병제외)
Tom's Farm 1982 와사비맛 아몬드 150 g,건식품
쌈다시마 400g(200g+200g),해조류
SAJO 런천미트 200g,축산물통조림/병
HBAF 먼투썬 3주 420g (20g x 21EA),건식품
사조참치 사조바베큐맛참치 안심따개 150g,수산물통조림/병
청해명가 여수멸치 볶음조림용 150g,건포류
존쿡 델리미트 홀머슬 햄 240g,햄/소시지(통조림/병제외)
사조산업 마일드참치 135g x 4캔,수산물통조림/병
삼호식품 두툼 조미 건오징어 50g,건포류
GOYA 피티드 블랙올리브 350g,농산물통조림/병
건파인애플 코아 슬라이스 170g,건식품
골드 파인애플 청크 3050g,농산물통조림/병
델립 와인갈릭비엔나 300g,햄/소시지(통조림/병제외)
동원참치-큐 100g,수산물통조림/병
피너츠(튀김땅콩) 1kg,건식품
Dry&Fish 구운대구노가리 180g,건포류
오븐에 구운 육포 200g,조미육가공
건망고 슬라이스 300g,건식품
순한 오징어의 참맛 100g,건포류
바다한입 아귀맛나구이채 150g,건포류
DRY&FISH 찢어놓은 먹태구이 200g,건포류
오뚜기 후레시참치 원조 250g,수산물통조림/병
만전김 두번 구워 더욱 바삭한 삼각김밥용 김 24g,해조류
후레쉬 동원망고 425g,농산물통조림/병
한성기업 각잡다 250g,햄/소시지(통조림/병제외)
구운통캐슈넛 400 g,건식품
Salud 살룻 오리지날 모히또 담금주키트 820 96g,건식품
오뚜기 피스타치오 40g,건식품
Fratelli 이집트콩 400g,농산물통조림/병
리챔 오리지널 1020g,축산물통조림/병
핀보 라즈베리 앤 블루베리잼 230g,농산물통조림/병
DONGWON 하이델 340g,축산물통조림/병
7D 건조망고 80g,건식품
Deluxnuts 구운 캐슈넛 (캐슈넛 99% 함유) 100g,건식품
알래스카연어 알래스카 연어 레드칠리 135g,수산물통조림/병
성경식품 지도표성경 보성녹차조각김 50g,해조류
포스트 단백질바 1000g (50g x 20개입),건식품
머거본 후렌치후라이드아몬드 260g,건식품
청정원 건강한 아보카도유김 48g (4g x 12봉),해조류
자연레시피 순수김 2g,해조류
유가원 유기농 건 크렌베리 110g,건식품
바다빛깔사람들 구운김밥김 20g,해조류
제수용 황태포 50g,건포류
사조 고등어 보일드 통조림 400g,수산물통조림/병
동원 통그릴후랑크 600g,햄/소시지(통조림/병제외)
매운리챔 340g,축산물통조림/병
건강응원단 골드너트믹스 380g,건식품
칼몬드 100g,건식품
황토가마에 구운 해바라기씨 260g,건식품
완두콩 통조림 400g,농산물통조림/병
동원 자연레시피 후랑크 500g,햄/소시지(통조림/병제외)
프레시안 레겐스부르거 140g,햄/소시지(통조림/병제외)
청정원 참나무로 훈연한 프랑크 500g,햄/소시지(통조림/병제외)
동아수산 조림용멸치 300g,건포류
유동 황도 슬라이스 400g(고형량: 180g),농산물통조림/병
청정원 불고기비엔나 250g,햄/소시지(통조림/병제외)
오뚜기 가벼운참치 더마일드 100g,수산물통조림/병
질러 직화육포 45g,조미육가공
광천김 바삭바삭 광천김 파래김 64g,해조류
유기농 호두강정 240g,건식품
속초농협 오징어 350g,건포류
해성F&B 참 맛있는 광천 파래김 64g,해조류
델리카테센 텐더로인 340g,햄/소시지(통조림/병제외)
골든코인 Golden Coin 80g,조미육가공
사조 담백한 살코기 연어 135g,수산물통조림/병
안주왕 찹쌀땅콩 1000g,건식품
백설햄 동그랑땡 400g,햄/소시지(통조림/병제외)
동원 꽁치 1880g,수산물통조림/병
동원 건강한참치 저나트륨 100g,수산물통조림/병
유로셀렉션 콜드컷슬라이스 100g,햄/소시지(통조림/병제외)
Myung Jin 레드체리 375g,농산물통조림/병
복음자리 그린티&초코쿠키 스프레드 235g,농산물통조림/병
성경김 지도표 성경 구운 파래김 100g,해조류
KAYA HOUSE 카야하우스 프리미엄 카야 2종세트 560g,농산물통조림/병
김밥용김 100매,해조류
올품 굽닭 한마리 600 g,조미육가공
살코기 오뚜기참치 100g,수산물통조림/병
블랙김샌드 현미 20g,해조류
유기농 허니버터 아몬드 330g,건식품
동원 꽁치 280g 280g,수산물통조림/병
우유로 재워 부드러운 리챔 340g,축산물통조림/병
샘표 질러 빠다갈릭쓰 30g,조미육가공
Tom's Farm 흑당밀크티아몬드 150 g,건식품
Tom's Farm 1982 허니버터 캐슈넛 210 g,건식품
어가찬 속살이 부드러운 먹태구이,건포류
롯데햄 의성마늘햄 60g,햄/소시지(통조림/병제외)
지도표 성경 녹차 식탁김 36g,해조류
캄포 유기농 홀 토마토 통조림 400g,농산물통조림/병
청정원 들기름 바사삭김 80g,해조류
Dole 망고톡 400g,농산물통조림/병
하루견과 베리머치 블루베리 400g,건식품
씨제이제일제당 더 건강한 베이컨스테이크 400g,조미육가공
농협목우촌 프라임리얼프랑크 300G x 2EA,햄/소시지(통조림/병제외)
Pulmuone 샐러드토핑 팝핑퀴노아 & 율무 60 g,건식품
좋은세상 모듬땅콩 200g,건식품
Andan Jam 안단 저칼로리 블루베리잼 220g,농산물통조림/병
동원 오븐&통그릴 폭찹스테이크 스파이시 560g,햄/소시지(통조림/병제외)
백설 샌드위치햄 100g,햄/소시지(통조림/병제외)
훈연한 여수 금빛 국물멸치 200g,건포류
바로선 감초 500g (±5g),건식품
아버지愛 마음을 담아 뿌려먹는김 50g,해조류
가족사랑 믹스넛트 1kg,건식품
HEINZ 하인즈 빈즈 크리에이션즈 파이어리 멕시칸 420g,농산물통조림/병
Dole 돌 트로피칼 후르츠 칵테일 836g,농산물통조림/병
쓰리스푼 흑임자 밀크잼 200 g,농산물통조림/병
복음자리 올리고당 딸기잼 920g,농산물통조림/병
간장에 찍어먹는 구운 파래김+밥상마루 간장소스,해조류
광천 온천지 김 5g,해조류
머거본 피스타치오 110g,건식품
ONLY PRICE 두 번 구운 김밥김 24g,해조류
프레시안 햄스빌 베이컨 160g,햄/소시지(통조림/병제외)
FERBA 지중해 황도(황도 57 %) 420g,농산물통조림/병
한성기업 과일숙성 후랑크 350g,햄/소시지(통조림/병제외)
쿠키 앤 밀크 스프레드 250g,농산물통조림/병
맘쉐프 한입愛(애) 베이컨 264g,햄/소시지(통조림/병제외)
동원 연어칠리 270g,수산물통조림/병
프레시안 더(THE) 건강한 그릴후랑크 350g,햄/소시지(통조림/병제외)
튀김땅콩 500g,건식품
동원 미니언즈 카레참치 135g,수산물통조림/병
주부9단 프랑크소시지 500g,햄/소시지(통조림/병제외)
피쇼 간장맛(간장 3% 함유) 30g,건포류
동아수산 조림용멸치 150g,건포류
주부9단 프랑크소시지 500g,햄/소시지(통조림/병제외)
하나가득 쫀드기 먹태 5미,건포류
펭귄골뱅이가미 400g,수산물통조림/병
키스틱 프로틴바 매콤 100gX13봉지,햄/소시지(통조림/병제외)
TEDDIE 테디 피넛버터 청키 510g,농산물통조림/병
Tom's 토피넛라떼아몬드 190 g,건식품
SEA U AGAIN 참미역 300g,해조류
DONGWON 상상 스테이크 마블 40g,조미육가공
뿌리다시마 300g,해조류
하림 닭직화구이 매콤양념 90g,조미육가공
GOOD TASTE 슈퍼 롱 피쉬스낵(SUPER LONG FISH SNACK) 170g,건포류
사조 365.24오리지널 육포 70g,조미육가공
MiznCO 유기농 해의김자반 해물 30 g,해조류
잇츠나우 소스닭가슴살 오리지널 110g,조미육가공
7D 건조망고 80g,건식품
하림 더 신선하고 건강한 닭가슴살 오리지널 110g,조미육가공
AROY-D 나타데 코코 인 리치 쥬스 450g,농산물통조림/병
올품 무항생제 닭다리(북채) 600g,조미육가공
Tom's Farm 1982 허니버터 캐슈넛 150 g,건식품
우리바다 자연식품 명태알포 1kg,건포류
오뚜기 포도쨈 500g,농산물통조림/병
문희양파김 80g,해조류
진주햄 맥쏘 90g,햄/소시지(통조림/병제외)
아빠랑 무화과잼 280g,농산물통조림/병
로투스 스프레드,농산물통조림/병
Tom's Farm 1982 허니버터아몬드 130g,건식품
SEEBERGER 건 무화과 200g,건식품
뉴잉글랜드 소프레사타 슬라이스 85g,햄/소시지(통조림/병제외)
원더풀 아몬드 (무염) 400g,건식품
구운아몬드 420g,건식품
피코크 훈제가슴살슬라이스 200g,햄/소시지(통조림/병제외)
풀무원 노을해심 키즈김 80g (4g x 20봉),해조류
No Brand 빼빼오오징어 100g,건포류
햄스빌 베이컨 오리지널,조미육가공
롯데햄 로스팜 엔네이처 베이컨 200g,축산물통조림/병
SKEPPY 스키피 땅콩버터-로스티드 허니 넛 크리미 462g,농산물통조림/병
한옥남 간편한 자른 다시마 150g,해조류
후룻바틀 트로피칼 375g,농산물통조림/병
질러 부드러운 육포 70g,조미육가공
사차인치 200g,건식품
CJ명가 담백 구운김 32g (2g x 16봉지),해조류
동원 더참치 TO GO 크림&버터 70g,수산물통조림/병
유가원 유기농 건 크렌베리 150g,건식품
안옥남 부드러운 간편 참미역 150g,해조류
동원 콜라겐 동원참치 150g(고형량 : 119g),수산물통조림/병
청정원 베이컨 70g,햄/소시지(통조림/병제외)
Dole 복숭아 하프컷 550g,농산물통조림/병
설악골황태채 500g,건포류
소문난삼부자 참깨 김가루 50g,해조류
SAJO 사조참치살코기안심따개 135g,수산물통조림/병
DRIED FOOD 볶음땅콩 500g,건식품
롯데햄 의성 마늘프랑크 350g,햄/소시지(통조림/병제외)
골든투스카니 강낭콩통조림 400g,농산물통조림/병
nuts & berries 밀크카우아몬드바나나맛,건식품
대상 청정원 미니 어린잎김 18.4g (2.3g x 8봉),해조류
노브랜드 스위트콘 340g,농산물통조림/병
오물조물얌얌 파래돌김자반볶음 300g,해조류
유동 번데기 130g,수산물통조림/병
황태포 1마리,건포류
황태채 450g,건포류
오뚜기 김치찌개용참치 150g,수산물통조림/병
롯데햄 롯데 의성마늘햄 840g,햄/소시지(통조림/병제외)
육공방 치즈 후랑크 90g,햄/소시지(통조림/병제외)
머거본 허니버터캐슈너트 160g,건식품
동원 한그릇뚝딱 마늘맛소세지 160g,햄/소시지(통조림/병제외)
이마트 알래스카연어 450g,수산물통조림/병
유가원 유기농 데일리 믹스넛츠 20g,건식품
바비큐폭립 550g,조미육가공
부드러운 사과칩 8g,건식품
죽순 편 2800g,농산물통조림/병
맛있는 바다의 선물 북어부산물 1kg,건포류
Vitabio 바이타비오 유기농 블루베리잼 290g,농산물통조림/병
그린자이언트 니블렛 스위트 콘 195g,농산물통조림/병
칩멍크 불닭맛 아몬드 440g (110g x 4개입),건식품
오뚜기 파인애플 850g,농산물통조림/병
질러 오후3시 코코베리 70g,건식품
하늘처럼 포복절도 통째한마리복어포 43g,건포류
수리 칠리 피클 (빨강) 227g,농산물통조림/병
CJ 그릴햄 980g,햄/소시지(통조림/병제외)
LOLOTETE 국산 배 100% 배칩 15g,건식품
Hero 헤로 블랙체리 잼 340g,농산물통조림/병
구운 명태포 200g,건포류
simplus 포도잼 800g,농산물통조림/병
머거본 오감찬미(味) 믹스파티 800g,건식품
건조크랜베리 루비 150g,건식품
황토가마에 구운 캐슈넛 250g,건식품
푸드토랑 오독오독 고돌뼈 불닭맛 200g,조미육가공
소백산 황태채 300g,건포류
PEACOCK 사각햄 500g,햄/소시지(통조림/병제외)
오뚜기 요즘미역 22.5g,해조류
NARA 프라임 믹스넛 1 KG,건식품
Tom's Farm1982 카라멜솔티드땅콩앤프레첼 190g,건식품
CJ제일제당 그릴후랑크 치즈 600g,햄/소시지(통조림/병제외)
Samyang 임꺽정떡갈비 800g,조미육가공
백설 오리지널 비엔나 250g,햄/소시지(통조림/병제외)
목우촌 통그릴 오리스테이크 250 g,조미육가공
동서 리치스 홀 커널 스위트콘 425g,농산물통조림/병
꽁치 400g,수산물통조림/병
바다마음 녹차돌자반볶음 60g,해조류
국산 군산홍새우 250g,건포류
만전김 유기식품 할아버지가 만든 꼬마김밥김 36g (6g x 6봉),해조류
무항생제 국내산 돼지고기로 만든 유가원햄 200g,햄/소시지(통조림/병제외)
동원 자연산 골뱅이 400g,수산물통조림/병
(손질한 황태채)황태실채 80g,건포류
"Live FRUITS 골든 파인애플 슬라이스 인 시럽 990g(고형량:600g), 35 oz",농산물통조림/병
매콤 단호박 닭가슴살 스테이크 100g,조미육가공
오희숙전통부각 찹쌀 미역 부각 30g,해조류
이마트 피티드 그린 올리브 340g,농산물통조림/병
올품 굽닭 닭날개 400g,조미육가공
맘씨푸드 부드럽고 싱싱한 실미역 200g,해조류
담과연 호두 130 g,건식품
한성기업 스모크비엔나 100g,햄/소시지(통조림/병제외)
노브랜드 한입비엔나 500g,햄/소시지(통조림/병제외)
복음자리 라따뚜이 칠리&파인애플 100g,농산물통조림/병
빅더블후랑크 120g,햄/소시지(통조림/병제외)
리챔 통살 340g,축산물통조림/병
땅콩버터오징어채 240 g,건포류
CJ제일제당 맛고구마 60g,건식품
nuts & berries 건포도 200 g,건식품
MAUNA LOA 마우이 어니언&갈릭 마카다미아 127g,건식품
오뚜기 살코기 마일드참치 원조 300g,수산물통조림/병
초록우산 순한 포동포동 쥐치포 100g,건포류
CW 패밀리통팥빙수 750g,농산물통조림/병
CHEILJEDANG 더 건강한 채소&고기 가득비엔나 Style 280 g,햄/소시지(통조림/병제외)
롯데햄 텐더로인 340g,햄/소시지(통조림/병제외)
신성건해 볶음용 멸치 300g,건포류
지도표 성경 녹차 식탁김 36g,해조류
BLUE DIAMOND 후렌치후라이드아몬드 135g,건식품
국물용 멸치 300g,건포류
존쿡 델리미트 터키브레스트 120g,햄/소시지(통조림/병제외)
베리믹스잼 150g,농산물통조림/병
화남 밀감 850g,농산물통조림/병
사조 365.24 숯불바베큐맛 육포 70g,조미육가공
Tom's Farm 1982 망고바나나맛아몬드,건식품
바다건해 통영멸치 볶음용 300g,건포류
해표 완도미역 100g,해조류
넛츠팜 슬라이스 아몬드 700g,건식품
자연 그대로 100% 맛밤 110g,건식품
홀리팜스 논야 카야 250g,농산물통조림/병
한살림 멸치바삭 30g,건포류
주부9단 김밥햄 340g,햄/소시지(통조림/병제외)
동원 고소한 꽁치 300g,수산물통조림/병
한성기업 전통떡갈비맛경단 125g,햄/소시지(통조림/병제외)
광천 해저김 광천해저김 뿌려먹는 김가루 70g,해조류
해담온 통영 굴김 4g,해조류
해표 더 고소한 김 파래김 48g,해조류
해저식품 광천해저파래김 64g,해조류
동원자연한입 파인애플 70g,건식품
사조 더 매운 고추참치 150g,수산물통조림/병
스모크소시지70g (냉동),햄/소시지(통조림/병제외)
happy farmer 블루베리 동결건조스낵 12g,건식품
하림 슬림닭가슴살 라이트 450g,축산물통조림/병
강고집 맛있꾼먹태 허니버터맛 30g,건포류
NH 기장재래미역 100g,해조류
마리아니 멕시칸 건망고 220g,건식품
간장쌈고급돌김 35g,해조류
샘표 버터 장조림 90 g,축산물통조림/병
재래맛김,해조류
유기농 푸룬 650g,건식품
목우촌 주부9단 두툼 프랑크 소시지 450g,햄/소시지(통조림/병제외)
JOHNCOOK 떡갈비구이 100g,조미육가공
건크랜베리 600 g,건식품
와사비맛호두 600g,건식품
하림 새우젓으로 맛을 낸 햄 340g,축산물통조림/병
동원참치 동원키즈참치 300g,수산물통조림/병
GRACELAND FRUIT 건조 블루베리 200g,건식품
농심 덴마크튤립햄 클래식 200g,햄/소시지(통조림/병제외)
Andan Jam 안단 저칼로리 애플망고 콩포트 220g,농산물통조림/병
아워홈 후레쉬햄 페퍼 150g,햄/소시지(통조림/병제외)
청정원 블루베리 콩포트 265g,농산물통조림/병
복음자리 포도잼 370g,농산물통조림/병
MARKET D 황태채 400g,건포류
백설햄 계란을 입혀 부쳐 먹으면 정말 맛있는 마늘맛 소시지 160g,햄/소시지(통조림/병제외)
다향 흑마늘로 숙성한 담백한 슬라이스 훈제삼겹 400g,조미육가공
평창 대관령한우육포 40g,조미육가공
오희숙 전통부각 고추부각,건식품
바베큐 조미오징어 250g,건포류
오리지널 바비큐 통다리 140g,조미육가공
백설햄비엔나 125g,햄/소시지(통조림/병제외)
목우촌 생생 황기 닭백숙 1000g,조미육가공
eLPOZO 엘포조 살라미 80g,햄/소시지(통조림/병제외)
사조참치 사조마일드참치 안심따개 135g,수산물통조림/병
Dole 황도 2절 820g,농산물통조림/병
무항생제 불고기용 닭고기 300g,조미육가공
동원 포차참치 베이컨김치볶음,수산물통조림/병
맛있게 잘만든 햄 불고기비엔나 1kg,햄/소시지(통조림/병제외)
CJ 스팸 클래식 300g,축산물통조림/병
머거본 꿀땅콩 270g,건식품
롯데햄 치킨온더테이블 닭가슴살 100g,축산물통조림/병
목우촌 혼신 못말리는 청춘 소시지는 잘말려 600g,햄/소시지(통조림/병제외)
정화 왕다리 오징어 23g,건포류
구운스틱쥐포 20g,건포류
큐원 콩고물 호두 150g,건식품
씨제이제일제당 더건강한캔햄 페퍼&갈릭 200G/상온,축산물통조림/병
피셔 허니 로스티드 피넛 1.02kg,건식품
동원 파인애플 836g,농산물통조림/병
서천 앞바다에서 키운 재래김 60g (30매),해조류
초이스엘 자연산골뱅이 400g,수산물통조림/병
Andan Jam 안단 신선 복숭아잼 460g,농산물통조림/병
나라 프리미엄 믹스넛 800g,건식품
YOUUS 아몬드&프레첼[버터갈릭맛] 30g,건식품
FiNE 파인애플볼 인 시럽 340g,농산물통조림/병
건조소시지 13g,조미육가공
아임웰 자연 그대로 말린 쫄깃한 감말랭이 60g,건식품
노브랜드 딸기잼 800g,농산물통조림/병
건크랜베리 140g,건식품
그릭슈바인 닭가슴살 슬라이스 오리지널 400g (100g x 4개입),햄/소시지(통조림/병제외)
순한조미오징어 130g,건포류
광천김 꼬꼬마 김밥김 6g,해조류
CJ 빅핫바 불닭구이맛 90g,햄/소시지(통조림/병제외)
목우촌 프라임 리얼 달콤프랑크 300g,햄/소시지(통조림/병제외)
청정원 구운 김밥용김 20g,해조류
가현 김자반 와사비맛 15g,해조류
대림선 쫄깃 찰순대 500g,조미육가공
황태채 200g,건포류
동원 할일많은 요즘 사람들에게 '참치'가 딱! 400g,수산물통조림/병
프레시안 더(The) 건강한 햄 의성마늘 180g,햄/소시지(통조림/병제외)
뚝딱집반찬 백진미오징어채 150g,건포류
삼현협동조합 맛있는 참기름 자반 볶음 100g,해조류
허니바나나칩 300 g,건식품
LOTTE FOODS 델가 완두콩 3kg,농산물통조림/병
Dole 돌 트로피칼 후르츠칵테일 (DOLE TROPICAL FRUIT COCKTAIL IN HEAVY SYRUP) 432g,농산물통조림/병
캔딜라스 체리잼 230g,농산물통조림/병
하루견과 블루베리 10봉입,건식품
소고기육포 250g,조미육가공
롯데비엔나,햄/소시지(통조림/병제외)
사조참치 사조고추참치 안심따개 150g,수산물통조림/병
사조 멀티그레인리오너 300g,햄/소시지(통조림/병제외)
참프레 순수 탄두리 가슴살 100g,햄/소시지(통조림/병제외)
샘표 질러 까먹자 아몬드콕콕 70g,조미육가공
목우촌햄 뚝심 1020g,축산물통조림/병
삼호 뉴켄터키후랑크 1kg,햄/소시지(통조림/병제외)
큐원 건포도 150g,건식품
썬넛 볶음땅콩 1.8kg,건식품
청정원 떡갈비맛햄 110g,햄/소시지(통조림/병제외)
사조대림 부어스트 융커 890g,햄/소시지(통조림/병제외)
프레시안 더(The) 건강한 햄 샌드위치햄 100g,햄/소시지(통조림/병제외)
유어스 위대한치즈후랑크소시지 100g,햄/소시지(통조림/병제외)
펭귄고등어보일드 400g,수산물통조림/병
DUERR'S 듀어스 딸기잼 340g,농산물통조림/병
비비큐 통닭가슴살소시지 70g,햄/소시지(통조림/병제외)
Hartley's 하틀리 살구 잼 340g,농산물통조림/병
황토가마에 구운 아몬드슬라이스 160g,건식품
BOCAGE 포크렌틸콩스튜 300g,축산물통조림/병
리치스 트로피칼 후르츠 칵테일 3062g (고형량 1882g),농산물통조림/병
양반 명품김자반 100g,해조류
동원 연어 칠리 135g,수산물통조림/병
GOOBER 구버 그레이프 피넛버터 510g,농산물통조림/병
초원의 집 청결쥐치포 35g이상,건포류
Tom's Farm 1982 불닭맛아몬드 300g,건식품
일가집 비타김밥단무지 400g,햄/소시지(통조림/병제외)
하몽 드 탐라 블랙 40g,햄/소시지(통조림/병제외)
바다건해 통영멸치 국물용 300g,건포류
풀무원 들기름을 섞어 바삭바삭 고소하게 구워낸 재래김 4g,해조류
백두산맥 기운을 받은 황태채 300g,건포류
백설 햄스빌 베이컨 430g,조미육가공
프레시안 더 건강한 햄 비엔나 소시지 370g,햄/소시지(통조림/병제외)
촉촉한 버터구이 오징어 50g,건포류
하림 더 건강한 자숙안심 200g,햄/소시지(통조림/병제외)
찢어놓은먹태구이 240g,건포류
꼬꼬마오징어 120g,건포류
수제직화 무뼈불닭발 150g,조미육가공
SAJO 사조마일드참치 안심따개 150g,수산물통조림/병
안주왕 (신)믹트너트,건식품
풀무원 말랑 크랜베리&고구마 150g,건식품
동원 쇠고기 육포 150g,조미육가공
동원참치샐러드(고소한맛) 100g,수산물통조림/병
한농종합식품 삼다톨김자반볶음 40g,해조류
유동 자연산골뱅이 740g (230g x 2 + 140g x 2),수산물통조림/병
CJ The더건강한 통베이컨 갈릭 바질 350g,햄/소시지(통조림/병제외)
DONG WON 상상 리챔 오리지널 햄맛 40g,햄/소시지(통조림/병제외)
오뚜기 런천미트 120g,햄/소시지(통조림/병제외)
가현 김자반 와사비맛 60g,해조류
식자재왕 모듬소시지 350g,햄/소시지(통조림/병제외)
FOR COOKING 아몬드슬라이스 150 g,건식품
이마트 제대로 만든 폴리쉬 소시지 420g,햄/소시지(통조림/병제외)
캠프렌즈 케이준부어스트 240g,햄/소시지(통조림/병제외)
값진보물 들기름 참기름 김 25g,해조류
양반김 올리브유김 60g,해조류
대림선 숯불갈비맛 후랑크 120g,햄/소시지(통조림/병제외)
캔딜라스 딸기잼 230g,농산물통조림/병
어심원 150g,해조류
롯데햄 의성마늘프랑크 140g,햄/소시지(통조림/병제외)
코주부 한입 돈육포 50g,조미육가공
부드럽고 찰진미역 150g,해조류
정화 왕다리오징어,건포류
롯데 에센뽀득프랑크 140g,햄/소시지(통조림/병제외)
피코크 바비큐 닭다리 매운맛 165g,햄/소시지(통조림/병제외)
알래스카연어 알래스카 연어 화이트마요 135g,수산물통조림/병
햄스빌 베이컨 스테이크 130g,햄/소시지(통조림/병제외)
진주햄 홈소세지 1963 300g,햄/소시지(통조림/병제외)
I'm DAK 바삭바삭 닭가슴살 크런칩 레드페퍼 25 g,조미육가공
samlip 속닭속닭 & 발사믹 드레싱 110g,조미육가공
청해명가 여수멸치 볶음조림용 300g,건포류
동원 구운골뱅이 135g,수산물통조림/병
참맛구이오징어,건포류
청정원 데쳐먹으면 맛있는 비엔나 445g,햄/소시지(통조림/병제외)
롯데햄 라퀴진 에센브런치 비엔나 리얼치즈 180g,햄/소시지(통조림/병제외)
캠프렌즈 비바크미니윈너 800g,햄/소시지(통조림/병제외)
동원더참치 소이갈릭 135g,수산물통조림/병
복음자리 딸기잼포션 720g,농산물통조림/병
동원참치 동원 EPA참치 150g,수산물통조림/병
바사칸 꾸이 46g,건포류
복음자리 45도 과일잼 블루베리 350g,농산물통조림/병
JAMESMOND 김&아몬드 145g,건식품
롯데 엔네이처 부드러운 프랑크 780g,햄/소시지(통조림/병제외)
블루베리가 첨가된 생생오징어 200g,건포류
머거본 슬림육포 50g,조미육가공
동원참치 쿡 짜글이용 100g,수산물통조림/병
bibigo 비비고 부드러운 어린이김 25 g,해조류
꼬마시 벌교꼬막 90g,수산물통조림/병
하림 무항생제 안심 닭고기 400 g,조미육가공
CJ 맥스봉 직화구이 꼬치바 오리지널 70g,햄/소시지(통조림/병제외)
햇마루 찰순대 500,조미육가공
로하이 보크부어스트 520g,햄/소시지(통조림/병제외)
건망고 150g,건식품
카오숑 와사비 완두콩,건식품
농협목우촌 주부9단 치즈 뚝심 120g,축산물통조림/병
다향훈제오리 블랙페퍼 500g,조미육가공
건국햄 건국 모듬소시지골드2 420g,햄/소시지(통조림/병제외)
Tom's 군옥수수맛아몬드 30 g,건식품
사조안심따개 살코기참치 340g (85g x 4캔),수산물통조림/병
머거본 흑당밀크티아몬드 180 g,건식품
씨제이제일제당 스팸클래식 & 25%라이트 1.2kg (스팸클래식 200g x 3캔+스팸마일드 200g x 3캔),축산물통조림/병
웰메이드 델리미트 그릭슈바인 육즙가득부어스트 바질 355g,햄/소시지(통조림/병제외)
코코넛크런치,건식품
명성리프레쉬 추억의어포 오리지널 160g (20g x 8봉),건포류
Tom's Farm 1982 허니버터마카다미아 130g,건식품
매일좋은견과 베리앤요거트 800g,건식품
복음자리딸기잼 1050g,농산물통조림/병
하이포크보글보글찌개햄 340g,축산물통조림/병
목우촌 주부9단 순살햄 1kg,햄/소시지(통조림/병제외)
동원 고등어 400g,수산물통조림/병
DONGWON 동원 상상 비프 앤 치즈 40g,조미육가공
청정원 런천미트 칼슘플러스 190g,축산물통조림/병
동원 그릴리 황금치킨 블랙퍼스트 80g x 2ea,햄/소시지(통조림/병제외)
더(The)건강한 브런치후랑크 치즈 260g,햄/소시지(통조림/병제외)
Rio Santo 할라페뇨슬라이스 (Jalapenos sliced) 540g,농산물통조림/병
대복식품 맛있는 양념이 들어있는 꼬시래기 300g,해조류
토농이 요거트견과프리미엄 550g,건식품
동원 울릉도 골뱅이 200g,수산물통조림/병
Organic Story 오가닉스토리 유기농딸기잼 600g,농산물통조림/병
올품 무항생제 닭안심 600g,조미육가공
AROY-D 코코넛크림 560ml,농산물통조림/병
청정원 건강생각 햄 300g,햄/소시지(통조림/병제외)
청정원 딸기잼 370g,농산물통조림/병
엄마손 손질한 멸치 150g,건포류
Hero 헤로 라즈베리 잼 (HERO RASPBERRY JAM) 340g,농산물통조림/병
하나가득 하나로 자른다시마 250g,해조류
상하농원 복분자 무화과잼 500g,농산물통조림/병
망고바나나맛아몬드 30g,건식품
청정원 참나무로 훈연한 고소한햄 300g,햄/소시지(통조림/병제외)
Dongwon 양반 들기름김 64g (4g X 16봉),해조류
자숙 허브닭가슴살 90g,햄/소시지(통조림/병제외)
소문난 광천김 김가루 70g,해조류
유기농 참밤 기프트세트(밤 100%) 480g,건식품
이마트 맛있는 베이컨 300g,햄/소시지(통조림/병제외)
동원 오븐&통그릴 델리햄 500g,햄/소시지(통조림/병제외)
정어리칩 40g,건포류
사조 한돈 그릴 비엔나 230g,햄/소시지(통조림/병제외)
하림 와인숙성 닭가슴살 퀴노아페퍼 510g,햄/소시지(통조림/병제외)
상상오징어 버터맛 40g,건포류
롯데 스위트 커널콘 410g,농산물통조림/병
유동 황도 슬라이스 400g,농산물통조림/병
나라 랜치맛아몬드 180g,건식품
석보유통 백잣 190g,건식품
CJ제일제당 The 더건강한 닭가슴살 한입큐브 80g,햄/소시지(통조림/병제외)
원순쇠고기육포 불갈비맛 42g,조미육가공
칠리골든코닝 Chilli Golden Coin 80g,조미육가공
사조참치 사조마일드참치 안심따개 300g,수산물통조림/병
동원더참치 핫치폴레 135g,수산물통조림/병
복음자리 땅콩버터 크리미 462g,농산물통조림/병
청정원 담백하고 건강한 베이컨 210g,햄/소시지(통조림/병제외)
목우촌 BT21 비엔나소시지 330g,햄/소시지(통조림/병제외)
DUCHY 더치 유기농 딸기 쨈 340g,농산물통조림/병
머거본 가맥소스에 찍어먹는 구운황태구이 30g,건포류
맥스봉 640g,햄/소시지(통조림/병제외)
BOCAGE 소시지화이트빈스튜 300g,축산물통조림/병
골드웰 흑마늘 힐링바베큐 400g,햄/소시지(통조림/병제외)
재래식 돌김 도시락 60g,해조류
진주푸드 광천 불맛 김가루 70g,해조류
사조마일드 참치 200g,수산물통조림/병
백설 장조림 135g (고형량 64g),축산물통조림/병
롯데햄 롯데 알뜰비엔나 570g,햄/소시지(통조림/병제외)
파래김 100매 100매,해조류
BOCAGE 양송이버섯리조또 300g,축산물통조림/병
AUTEL 치즈인그릴후랑크 360g,햄/소시지(통조림/병제외)
스팸마일드 600g,축산물통조림/병
티라미수맛아몬드 200g,건식품
스팸클래식 200g,축산물통조림/병
청정원 건강생각 비엔나프라임 450g,햄/소시지(통조림/병제외)
유기농 스위트콘 (Organic Canned Sweet Corn) 340g,농산물통조림/병
펭귄고등어 400g,수산물통조림/병
CJ 맥스봉 직화구이 꼬치바 청양고추 70g,햄/소시지(통조림/병제외)
동원 미니언즈 짜장참치 540g (135g x 4캔),수산물통조림/병
삼호 이카소멘 25g,건포류
성호물산 영일만친구 건 오징어 175g(5미),건포류
사조 슁켄부어스트 300g,햄/소시지(통조림/병제외)
다향 훈제오리 실속 트윈팩 800g (400g x 2팩),조미육가공
온천지 광천 파래김 25g,해조류
머거본 쇠고기육포 50g,조미육가공
대림선 구운마늘햄 140g,햄/소시지(통조림/병제외)
동원 오븐&통그릴 블랙퍼스트 소시지 꼬치햄 94g,햄/소시지(통조림/병제외)
머거본 스모크드라이 아몬드 135g,건식품
샘표 땡초장조림 90g,수산물통조림/병
성경김 성경자반 멸치새우 10g,해조류
머거본 직화육포 90gx2,조미육가공
진미오징어(순한맛) 400 g,건포류
우리바다 자연식품 보리새우 100g,건포류
Tom's Farm 와사비맛아몬드 100g,건식품
알토리꿀밤 100g,건식품
PEACOCK 달콤 피칸 170 g,건식품
사조 안심 훈제닭가슴살 405g,축산물통조림/병
제주맘 흑돼지 육포(매운맛) 40g,조미육가공
피너츠맛 윙슬라이스 250g,건포류
황도 슬라이스 400g,농산물통조림/병
Tom's 요구르트맛캐슈넛 190 g,건식품
존쿡 델리미트 스모크브랏 320g,햄/소시지(통조림/병제외)
오양 불고기맛후랑크 70g,햄/소시지(통조림/병제외)
珍味 (진미) 서천재래김,해조류
동원 스낵참치 매콤마요 100g,수산물통조림/병
프리미엄 헌트 홀 토마토 2890g(고형량: 1800g),농산물통조림/병
"김연구가 박향희 와사비김 4.5g, 0.16oz",해조류
동원 오븐&통그릴 델리햄 500g,햄/소시지(통조림/병제외)
오가닉스토리 프리미엄 유기농 한줌견과,건식품
동원 볶음짜장참치,수산물통조림/병
한성기업 불고기 스모크 600g,햄/소시지(통조림/병제외)
사조 365.24 오징어&땅콩 콘소메 40g,건식품
백두산맥 기운을 받은 황태채 300g,건포류
ST.DALFOUR 샹.달프 파인애플 앤 망고잼 28g,농산물통조림/병
아워홈 부드럽고연한 닭가슴살 오리지널 130g,햄/소시지(통조림/병제외)
진참진미오징어 110g,건포류
nuts & berries 건아로니아 250 g,건식품
조미오징어포(숏다리) 150g,건포류
CJ The더건강한 직화구이햄 700g,햄/소시지(통조림/병제외)
소금이 전혀 없는 통영굴김 12g,해조류
청정원 들기름 재래김 40.5g,해조류
씨버거 건포도 200g,건식품
삼영수산 백진미오징어 150g,건포류
좋은세상 디럭스 프리미엄 넛츠 500g,건식품
대림선 우엉 100g,햄/소시지(통조림/병제외)
맛있는 오징어다리 70g,건포류
코주부비앤에프 블랙페퍼 육포 180g,조미육가공
한산애 진피 250g,건식품
오뚜기 가벼운참치 고추 100g,수산물통조림/병
해진 황토 건 오징어 240g,건포류
허니버터아몬드 체리블라썸향 210g,건식품
풀무원 꼬마 야채김밥 103g,햄/소시지(통조림/병제외)
목우촌 원칙을 지키는 햄 Original 200g,햄/소시지(통조림/병제외)
하림 닭가슴살 Real 소시지 허브 80g,햄/소시지(통조림/병제외)
비비고 버터간장 김자반 50g,해조류
양양의 농부 뚝딱 삶은 시래기 300g,건식품
신화엠에스 매콤핫닭가슴살 30g,조미육가공
머거본 쿠앤크맛땅콩 110g,건식품
머거본 꿀땅콩 300 g,건식품
MACKAYS 맥케이 블루베리와블랙커런트쨈 340g,농산물통조림/병
머거본 쇠고기육포 45g,조미육가공
굿모닝너츠 볶은 아마씨 500g,건식품
살코기 오뚜기참치 150g,수산물통조림/병
대림선 빅불고기햄 750g,햄/소시지(통조림/병제외)
존쿡 델리미트 비어 학센 500g,조미육가공
홍진미오징어채 400g,건포류
샘표 질러 갈릭 바베큐 육포 30g,조미육가공
EARTH MAN 히말라야 미네랄 빙하수를 먹고 자란 무설탕 건살구 25g,건식품
계절어보 남해안 큰꼬막 120g,수산물통조림/병
한터식품 재미인잼 애플&아로니아 250g,농산물통조림/병
세움 캐슈넛 450g,건식품
북어채 600 g,건포류
보성녹돈 동원 녹돈 순살햄 500g,햄/소시지(통조림/병제외)
삼립 닭가슴살 후랑크 70g,햄/소시지(통조림/병제외)
광천김자반,해조류
유가원 유기농 샐러드 토핑 견과 140g,건식품
김연구가 박향희 오메가플러스전통김 9g(0.32oz),해조류
불고기맛오징어 35g,건포류
소금이 전혀 없는 통영굴김 4g,해조류
진양 진양통단팥2 3000g,농산물통조림/병
두절새우(꽃) 500g,건포류
하림 닭가슴살 블랙페퍼 510g,조미육가공
Dongwon 동원에프앤비 양반 들기름김 에코패키지 80g,해조류
사조고추참치 안심따개 100g,수산물통조림/병
동원 미니파인애플 234g,농산물통조림/병
백설햄 양념후랑크 170g,햄/소시지(통조림/병제외)
비비고 직화구이김 54g,해조류
원더풀 아몬드 (가염) 200g,건식품
마른명태(황태포) 60g,건포류
신선도원 무설탕 블루베리잼 280g,농산물통조림/병
매홍 오븐에 구운 고구마 말랭이 130g,건식품
Taylor 테일러 말린 블랙체리 45g,건식품
비비고 직화구이김 80g,해조류
풀무원 들기름을 섞어 바삭바삭 고소하게 구워낸 재래김 20g,해조류
진심의 작품 복음자리 복음자리 45도 과일잼 딸기 200 g,농산물통조림/병
썬넛트 800 g,건식품
신원식품 철판구이스틱오징어 200G,건포류
황기 250g,건식품
동원 오븐&통그릴 블랙퍼스트 소시지 280g,햄/소시지(통조림/병제외)
소금이 전혀 없는 통영굴김 20g,해조류
RIZZOLI 트렌시오 디 토노로사(참치75%함유) 185G,수산물통조림/병
Tom's 인절미아몬드 150 g,건식품
해표 간편미역 20g,해조류
오뚜기 스위트콘 340g,농산물통조림/병
황도 슬라이스 400g,농산물통조림/병
오뚜기 아임스틱 쨈 사과 200g (20 gX10개),농산물통조림/병
청정원 참나무로 훈연한 베이컨 250g,햄/소시지(통조림/병제외)
바다건해 통영멸치 볶음용 150g,건포류
우리맛밤,건식품
진양 오이피클 슬라이스 3.2kg(고형량:1.76kg),농산물통조림/병
풀무원 들기름을 섞어 바삭바삭 고소하게 구워낸 재래김 100g,해조류
아임닭 국내산 매실로 숙성한 수제 닭가슴살 육포 20g,조미육가공
Jinju 진주 줄줄이비엔나 오리지널 720g,햄/소시지(통조림/병제외)
이마트 제대로만든 햄 1000g,햄/소시지(통조림/병제외)
오뚜기 포도쨈 300g,농산물통조림/병
신성건해 조림용 멸치 300g,건포류
이반장 올리브유 광천김 64g,해조류
ST.DALFOUR 샹.달프 블랙커런트잼 28g,농산물통조림/병
광천해저올리브김 80g,해조류
오물조물얌얌 맛김가루 1kg,해조류
SweetHug 쿠키 앤 크림 스프레드 250g,농산물통조림/병
요리하다 브런치 베이컨 90g,햄/소시지(통조림/병제외)
일해 왕한치 20g,건포류
HONEST PROJECT 부드러운 사과칩 8g,건식품
CJ CHEILJEDANG 맛밤+맛군밤 특별기획 360g [맛밤 180g (60g x 3개) + 맛군밤 180g (60g x 3개)],건식품
조미양태포,건포류
Dongwon 그린 동원참치 살코기 135g,수산물통조림/병
하림 허브를 입힌 훈제치킨 600g,햄/소시지(통조림/병제외)
동원 판타스틱 오리지널 80g,조미육가공
BLUE DIAMOND 후렌치 후라이드 아몬드 90g,건식품
유동 골뱅이 230g,수산물통조림/병
피코크 그릴드 훈제 닭가슴살 140g,햄/소시지(통조림/병제외)
가현김자반 김치맛 60 g,해조류
from the sea 쥐포구이채 400g,건포류
서울우유Cheese 쫄깃하고 고소한 치즈육포 60g,조미육가공
사조 한돈 그릴 비엔나 700g (350g x 2개),햄/소시지(통조림/병제외)
목우촌 주부9단 아로니아 프랑크 400g,햄/소시지(통조림/병제외)
요구르트맛 아몬드 10g,건식품
동원 고추참치 100g,수산물통조림/병
김연구가 박향희 뿌아김야채 30g,해조류
런천미트 200g,축산물통조림/병
동표을지로골뱅이 230g,수산물통조림/병
순한 구운 아구포 100g,건포류
RICHIS 리치스 파인애플 슬라이스 3062g (고형량 : 1775g),농산물통조림/병
맛이 젤 좋은 고구마말랭이,건식품
동원참치 뉴클렉스 165g,수산물통조림/병
롯데햄 롯데비엔나 400g,햄/소시지(통조림/병제외)
백설 햄스빌 아침에 베이컨 70g,햄/소시지(통조림/병제외)
코끼리죽순(채) 2840g,농산물통조림/병
목우촌 홈플러스 시그니처 100%국산돈육 야채가득 통그릴햄 500g,햄/소시지(통조림/병제외)
목우촌 프라임 브런치 부어스트 260 g,햄/소시지(통조림/병제외)
상하농원 베리믹스잼 500g,농산물통조림/병
재미랩 시그니처넛츠 위드 허쉬 400g (20g x 20봉),건식품
Fisher 로스티드 솔티드 믹스넛 130g,건식품
"복음자리 무농약딸기로 만든 잼 1,050g",농산물통조림/병
해저식품 광천올리브녹차해저김 20g,해조류
다향 돼지불고기 간장맛 600g (200g x 3),조미육가공
건포도 280g,건식품
디에치에이 진미오징어채 250g,건포류
DONG WON 살코기 동원참치 135g x 8캔,수산물통조림/병
MENZ & GASSER 멘즈앤가써 라즈베리잼 240g,농산물통조림/병
해맑은푸드 연육채(엽채) 500g,건포류
NUTOLOGY The Essentials 구운아몬드 200g,건식품
캠프렌즈 비바크미니윈너 720g,햄/소시지(통조림/병제외)
존쿡 델리마트 잇츠베이컨 300g,조미육가공
김연구가 박향희 박향희파래김자반 240g (20g x 12개입),해조류
기장에서 채취한 돌다시마 150g,해조류
원더풀아몬드 (무염) 200g,건식품
양반 파래돌김볶음 70g,해조류
국산 참기름 광천김,해조류
웰스푸드 오 꾸이 오징어 150g,건포류
바다와 나무 유산균 견과 300g,건식품
김연구가 박향희 박향희새우파래김자반 240g (20g x 12개입),해조류
한울 원조볶음김치 100g,농산물통조림/병
황태양념구이 380 g,건포류
동원 화끈한 골뱅이 140g,수산물통조림/병
초이스엘 맛있는 소시지 165g,햄/소시지(통조림/병제외)
동원참치 동원 볶음짜장참치 100g,수산물통조림/병
동원에프앤비 리챔 골드마블 200g,햄/소시지(통조림/병제외)
오뚜기햄 후레시 햄 340g,축산물통조림/병
지도표 성경 녹차조각김 55g,해조류
탐나푸드 천연국물팩(건멸치+건다시마+건디포리+건표고버섯+건먹새우) 200g,건포류
해초랑 구운 김밥용 김 120g,해조류
자주 아삭아삭배 15g,건식품
롯데햄 파스트라미 350g,햄/소시지(통조림/병제외)
샘표 질러 까먹자 포장천재 양념갈비맛 70g,조미육가공
믹스넛 200g,건식품
해표김(즈란맛) 2g,해조류
3색오징어,건포류
참깨맛조미멸치 200g,건포류
큐원 동결건조 딸기 다이스 20g,건식품
씨제이제일제당 맥스봉 560g,햄/소시지(통조림/병제외)
K&K 방어머리 조림 150g,수산물통조림/병
순수한 천연조미료 황태가루 150g,건포류
DONGWON 동원자연산골뱅이 깨끗한바다싱싱한맛 240g,수산물통조림/병
CIRIO 딸기 엑스트라 잼 400g,농산물통조림/병
HBAF 김맛아몬드 210g,건식품
풀무원 고단백 넛츠바사삭 200g (20g x 10개입),건식품
"칩멍크 양파링과 친한 나는, 호두깡 260g (65g x 4개입)",건식품
샘표 질러 직화풍 BBQ 핫칠리 30g,조미육가공
그릭슈바인 340g,축산물통조림/병
리치 565g,농산물통조림/병
순한 김자반 25g,해조류
성경식품 성경 올리브&녹차 식탁김 50g,해조류
남양 아이꼬야 유기농 안심김 소금無첨가 45g (1.5gx30입),해조류
richfarm 우도땅콩 200g,건식품
황토가마에 구운 아몬드,건식품
자른 쌈다시마 160g,해조류
청정원 순살참치 135g,수산물통조림/병
동원 통그릴비엔나 와인숙성 660g,햄/소시지(통조림/병제외)
샘표 질러 저녁7시 치즈빠삭한닭 30g,조미육가공
유동 청양고추 골뱅이 300g,수산물통조림/병
허니 로스티드 마카다미아 127g,건식품
동원 황다랑어 포도씨유참치 300g,수산물통조림/병
아이배냇 짧게 자른 한입 미역 30g,해조류
신화에프에스 삼색 오징어 195g,건포류
주부9단 비엔나소시지 450g,햄/소시지(통조림/병제외)
한성꽁치 400g,수산물통조림/병
블루베리잼 150g,농산물통조림/병
동원 DHA 100g x 2캔 + 마일드 100g x 2캔 400g,수산물통조림/병
Van Camp's 밴캠프스 포크 앤 빈스 425g,농산물통조림/병
CJ명가김재래김 40g,해조류
스팸클래식 1020g,축산물통조림/병
TRADERS DEAL 믹스넛 점보 프리미엄 1kg,건식품
육공방 생소시지 트리플치즈&할라피뇨 500g,햄/소시지(통조림/병제외)
자른미역 200g,해조류
NUTOLOGY The Essentials 구운피스타치오 150g,건식품
계절어보 바로먹는 북어채무침 80g,수산물통조림/병
청정원 리치부어스트 칼집 프랑크 300 g,햄/소시지(통조림/병제외)
광천김 광천밥도둑 명란알김 48g,해조류
커피땅콩 230g,건식품
목우촌 프라임 리얼 치즈비엔나 300g,햄/소시지(통조림/병제외)
동원 리얼 인절미땅콩 스프레드 230g,농산물통조림/병
스위트콘 420g,농산물통조림/병
질러 저녁7시 매콤빠삭한닭 30g,조미육가공
구운피스타치오 400 g,건식품
미원 맛소금 김 4g,해조류
카라멜아몬드앤프레첼 210g,건식품
롯데햄 라퀴진 에센부어스트 180 g,햄/소시지(통조림/병제외)
자연산골뱅이 280g 3묶음,수산물통조림/병
뿌리다시마 500g,해조류
마우나로아 로스티드 마카다미아 위드 씨솔트 127g,건식품
머거본 스모크드라이아몬드 14g,건식품
이마트 반으로 자른 상큼한 백도 400g,농산물통조림/병
행복밥상 패밀리햄,햄/소시지(통조림/병제외)
피코크 스모크 슬라이스햄 100g,햄/소시지(통조림/병제외)
델리원 생오이피클 3 kg,농산물통조림/병
아이배냇 꼬마 짜먹는 토마토&당근 잼 130g,농산물통조림/병
사조참치 사조찌개전용참치 250g,수산물통조림/병
초이스엘 장조림 90g,축산물통조림/병
한성기업 맵사이신 화끈구이 70g,햄/소시지(통조림/병제외)
이엔 하나 골드 가쓰오부시 50g,건포류
BEBECOOK 한입에 쏙 소고기김육포 30 g,조미육가공
Dry&Fish 비타민C오징어 200 g,건포류
피코크 얇은 베이컨 75g,햄/소시지(통조림/병제외)
사조 참 고소한 파래김 4g,해조류
해쉼 한라봉칩 20 g,건식품
SEA U AGAIN 다시마 600g,해조류
다향 돼지불고기 간장맛 500g,조미육가공
사조참치 사조고추참치 안심따개 135g,수산물통조림/병
The 더건강한 베이컨 스테이크 400g,햄/소시지(통조림/병제외)
아워홈 후레쉬 그릴 부어스트 400g,햄/소시지(통조림/병제외)
통깨포빠삭포 220g,건포류
바다한입 진미채 450g,건포류
츄앤리얼군밤 80 g,건식품
청정원 정월맛찬김 20g,해조류
청정원 사과잼 370g,농산물통조림/병
ACHIM 아침닭가슴살 커리맛 100g(오차범위±4.5g),조미육가공
가득담은 김자반 120g,해조류
연산 오골계,조미육가공
리얼 구운 쥐포 400g,건포류
사조 비어슁켄 300g,햄/소시지(통조림/병제외)
롯데햄 라퀴진 로스트햄 360g,햄/소시지(통조림/병제외)
풀무원 들기름을 섞어 바삭바삭 고소하게 구워낸 파래김 180g,해조류
흑돼지가 키운 감귤칩 90g,건식품
동원 미니언즈 고추참치 540g (135g x 4캔),수산물통조림/병
삼원가든 서울식 불고기 350g,조미육가공
머거본 쫀득한 가게맥주황태 140g,조미육가공
사조 안심팜 600g,축산물통조림/병
표고버섯(홀) 2840g (고형량 1500g),농산물통조림/병
머거본 떡볶이맛아몬드 25g,건식품
진성푸드 매운찰순대 500g,조미육가공
유가원 유기농 심쿵넛츠 아몬드 코코넛칩 150g,건식품
존쿡 델리미트 롱 스모크 소시지 390g,햄/소시지(통조림/병제외)
CJ제일제당 햄스빌베이컨 메이플시럽 110g,햄/소시지(통조림/병제외)
풀무원 들기름을 섞어 바삭바삭 고소하게 구워낸 재래김 15g,해조류
맛있는 바다의 산물 북어머리 1kg,건포류
리졸리 필레티 디 토노로사 200g,수산물통조림/병
"아임스틱 쨈 딸기 1,000g",농산물통조림/병
샘표 우리엄마 명이절임 70g,농산물통조림/병
동원 황다랑어 포도씨유참치 250g,수산물통조림/병
용대리황태,건포류
해표 김스낵 오징어맛,해조류
하림 나트륨을 줄인 담백한햄 120g,축산물통조림/병
Fresco 후르츠 칵테일 410g,농산물통조림/병
"진주햄 120시간의 자연숙성, 秀作 베이컨 260g",햄/소시지(통조림/병제외)
롯데햄 의성마늘햄 60g,햄/소시지(통조림/병제외)
Bonne Maman 본마망 살구잼 370g,농산물통조림/병
DAK 초피드포크 1.81kg,축산물통조림/병
뚝딱참치 데리야끼 150g,수산물통조림/병
머거본 마라맛새우믹스 200g,건식품
동원더참치 핫치폴레 90g,수산물통조림/병
오꼬노미야끼 하나가쓰오 150g 150g,건포류
청정원 명란 바사삭김 3.8g,해조류
SEVILLE PREMIUM 세빌프리미엄 블랙 올리브(피티드) 385g,농산물통조림/병
바다건해 통영멸치 국물용 150g,건포류
바로선 튀김땅콩 1kg(±5g),건식품
ONCE AGAIN 원스어게인 유기농 크리미 땅콩버터 454g,농산물통조림/병
무안수산 함초 자반볶음 70g,해조류
신세계푸드 올반 옛날통닭 2마리 720g 720g,조미육가공
탐라원 보석귤 20g,건식품
양반김 올리브유김 5g,해조류
복음자리 올리고당 딸기잼 460g,농산물통조림/병
큐원 카카오닙스 130g,건식품
올품 무항생제 닭가슴살 400g,조미육가공
오뚜기 살코기마일 참치 150g*2+2개기획 600g,수산물통조림/병
청정원 석쇠구이 김밥속햄 180g,햄/소시지(통조림/병제외)
노브랜드 왕오징어구이 200g,건포류
광천김 재래김 135g,해조류
김앤김 광천김가루 70g,해조류
백설 양념간장이 촉촉한 장조림 345g,축산물통조림/병
DELLA 베이크드 빈스 400g,농산물통조림/병
동원 깐포도 400g,농산물통조림/병
대림선 빅스모크햄 1kg,햄/소시지(통조림/병제외)
두원푸드 재래김기획상품 100매,해조류
쥐치포,건포류
프레시안 햄스빌 베이컨 스테이크 130g,햄/소시지(통조림/병제외)
"팔돈막창 돼지불막창 350g (불막창 320g, 123막창 불소스 30g)",조미육가공
팽화자색 돼지감자 400g,건식품
대상 청정원 올리브유 재래김 5g(9절 11매)×16봉,해조류
저온숙성우엉 100g,햄/소시지(통조림/병제외)
목우촌 프라임 리얼 매콤프랑크 300g,햄/소시지(통조림/병제외)
Dongwon 동원참치 라이트스탠다드 90g,수산물통조림/병
계절어보 맛골뱅이 400g,수산물통조림/병
델몬트 피에스타 트로피칼 후르츠 믹스 1700g,농산물통조림/병
엘빈즈 유기농 어린이김 천일염으로 맛을 낸 건강한 맛 20g,해조류
구운쥐치포 150g,건포류
해표김(치즈맛) 2g,해조류
리얼갈릭맛 닭가슴살 120g,조미육가공
Ligo 리고 땅콩버터 1kg,농산물통조림/병
그릭슈바인 육즙가득 부어스트 스모크 710g,햄/소시지(통조림/병제외)
좋은세상 파래김 45매,해조류
동원 델큐브참치 코코넛 160g,수산물통조림/병
해표 더 고소한 돌자반김 오리지널 40g,해조류
알래스카연어 알래스카 연어 135g,수산물통조림/병
Tom's Farm 1982 그린티라떼 아몬드퍼프볼 110 g,건식품
스팸 클래식 1200g,축산물통조림/병
사조참치 사조살코기참치 250g,수산물통조림/병
샘표 고등어 400g,수산물통조림/병
김연구가 박향희 오메가플러스매운김 11g(0.39oz),해조류
대림선 사조안심 블랙페퍼 직화닭가슴살 115g,햄/소시지(통조림/병제외)
Kandy's 캔딜라스 스테비아 살구잼 370g,농산물통조림/병
진주 천하장사 오리지날 70g,햄/소시지(통조림/병제외)
바다건해 여수멸치 조림용 150g,건포류
유동 자연산골뱅이 230g,수산물통조림/병
너비아니육포 100g,조미육가공
리챔 흑후추 200g,축산물통조림/병
대림선 강황을 먹고 자란 오리바베큐 슬라이스 400g,햄/소시지(통조림/병제외)
Tom's 제주말차아몬드 120g,건식품
피셔 허니 로스티드 믹스넛 130g,건식품
Vitabio 바이타비오 유기농 오렌지 마말레이드 290g,농산물통조림/병
복음자리 사과잼 370g,농산물통조림/병
사조참치 사조마일드참치 안심따개 150g,수산물통조림/병
대림선 숯불구이맛후랑크2 70g,햄/소시지(통조림/병제외)
본엠 통그릴 두툼 후랑크 700g,햄/소시지(통조림/병제외)
나라 칠리치즈맛아몬드 180g,건식품
동원에프앤비 리챔 프로틴 200g,축산물통조림/병
사조 연어 1800g,수산물통조림/병
해그린 소백산 황태머리 250g,건포류
바로선 감초 150g (±5g),건식품
유동 뚝배기 번데기탕 얼큰한맛 280g,수산물통조림/병
Tom's Farm 1982 카라멜솔티드 아몬드 앤 프레첼 600 g,건식품
초록원 유기농 딸기잼 580g,농산물통조림/병
캠프렌즈 비바크볼비엔나 540g,햄/소시지(통조림/병제외)
CARRARA 640 WAGYU 프리미엄 와규 육포 30g,조미육가공
더 건강한 자연에서 얻은 재료로 만든 그릴김밥햄 270g,햄/소시지(통조림/병제외)
동원연어샐러드 100g,수산물통조림/병
리챔 트러플 300 g,축산물통조림/병
No Brand 크리스피 로즈마리 피칸 260g,건식품
백설 샌드위치햄 100g,햄/소시지(통조림/병제외)
동원 통그릴스테이크 120g,햄/소시지(통조림/병제외)
리챔 오리지널 600g,축산물통조림/병
다향오리 무항생제 오리로스 400g,조미육가공
DONGWON 동원 쇠고기육포 바이트 50g,조미육가공
"훅스 유기농 크런치 무슬리 (크랜베리, 딸기, 라즈베리) 350g",건식품
롯데햄 의성마늘햄 90g,햄/소시지(통조림/병제외)
귤츄 14g,건식품
동원 복숭아 (백도) 400g,농산물통조림/병
오징어실채(200g) 200g,건포류
국물용 멸치 275g,건포류
동원 고추참치 250g,수산물통조림/병
대상 베이컨 300g,햄/소시지(통조림/병제외)
오뚜기 꽁치 강된장조림 280g,수산물통조림/병
화풍 영콘 통조림(YOUNG CORN) 400g,농산물통조림/병
NUTOLOGY The Essentials 구운캐슈넛트 150g,건식품
Dole 돌 파인애플 슬라이스 439g,농산물통조림/병
사조 安心 (안심)팜 델리 1200g,축산물통조림/병
맛있다 파래김 광천김 80g,해조류
사조 안심 닭가슴살 90g,축산물통조림/병
탐나푸드 국산 우리집 요리왕 밥새우 100g,건포류
Cj The 더 건강한 햄 치즈 340g,축산물통조림/병
Dongwon 동원참치 플러스 90g,수산물통조림/병
씨버거 해바라기씨 200g,건식품
머거본 허니버터아몬드 180g,건식품
Homeplus Signature 점보아몬드 400g,건식품
선명농수산 단짠믹스 450g,건식품
HANANOSUISAN 하나가쯔오 60g,건포류
맛있는 풍경 엄마가 선택한 맛있는돌김 16P 32g,해조류
주부9단 비엔나소시지 180g,햄/소시지(통조림/병제외)
지도표 재래식 성경김 65g,해조류
초원의 집 전기구이 왕쥐포 35(±)g,건포류
Fresco 파인애플 슬라이스 (PINEAPPLE SLICE) 410g,농산물통조림/병
동원참치 살코기 250g,수산물통조림/병
Bionova 유기농 베이크드 빈 인 토마토소스 340g,농산물통조림/병
대림선 참피온 소세지 500g,햄/소시지(통조림/병제외)
롯데햄 롯데비엔나 명작 360g,햄/소시지(통조림/병제외)
SEA U AGAIN 해초샐러드 200g,해조류
델립 그릴후랑크 660g,햄/소시지(통조림/병제외)
쓰리스푼 자색고구마 배잼 200 g,농산물통조림/병
하림슬림닭가슴살 135g,축산물통조림/병
재래김(특) 100장,해조류
SAJO 안심 훈제닭가슴살 90g,축산물통조림/병
Lotus 로투스 스프레드 400g,농산물통조림/병
PLANTERS 플랜터스 허니 로스트 피넛 453g,건식품
샘표 자연산 소라 400g,수산물통조림/병
광천김 올리브유 바르고 녹차가 첨가된 김 25g,해조류
사조 안심팜,축산물통조림/병
탱구 육포 오리지널 170g,조미육가공
JOHNSONVILLE SAUSAGE LLC 베다위드체다 396g,햄/소시지(통조림/병제외)
자주 바삭함그대로대추칩 30g,건식품
"포크빌 한방편육 515g (편육 500g, 새요미소스 15g)",조미육가공
육공방 비엔나 육공방 줄줄이 비엔나 브라운 520g,햄/소시지(통조림/병제외)
해조명가 바베김 청정 재래김 24g,해조류
프레시안 더 건강한햄 180g,햄/소시지(통조림/병제외)
오뚜기 가벼운 참치 더마일드 135g,수산물통조림/병
nutella 누텔라 600g,농산물통조림/병
좋은빛식품 좋은빛 구운 김밥김 20g,해조류
TULIP 튜울립햄(런천미트) 1.81kg,축산물통조림/병
롯데햄 로스팜 엔네이처 마일드 120g,햄/소시지(통조림/병제외)
엔네이처 볼비엔나 300g,햄/소시지(통조림/병제외)
조미명태포 200g,건포류
Mugerbon 콘소메맛아몬드 240g,건식품
좋은세상 황토구이오징어 50g,건포류
조미 건 오징어 다리 35g,건포류
하림 닭가슴살 후랑크 300g,조미육가공
ONLY price onlyprice 깔끔하게 짜먹는 딸기잼 500 g,농산물통조림/병
동원참치DHA 250g,수산물통조림/병
롯데햄 베이컨 100g,햄/소시지(통조림/병제외)
헤로 오렌지 비터 마멀레이드 340g,농산물통조림/병
바나나칩 45g,건식품
존쿡 델리미트 코파&프로슈토 40g,햄/소시지(통조림/병제외)
양양의 농부 뚝딱 삶은 곤드레 300g,건식품
동원 통그릴비엔나 360g,햄/소시지(통조림/병제외)
지도표 성경 매생이김,해조류
"동원참치 라이트스탠다드, 매운고추참치 400g (100g x 4캔)",수산물통조림/병
헌트 토마토 홀 411g,농산물통조림/병
하림 새우젓으로 맛을 낸 햄 200g,축산물통조림/병
성경 돌자반 35g,해조류
씨제이제일제당 맥스봉 체다치즈어랏 400g (20g*20개입),햄/소시지(통조림/병제외)
알알이 스위트콘(RRE Sweet Corn) 340g,농산물통조림/병
목우촌 오리 롤 슬라이스햄 80g,햄/소시지(통조림/병제외)
해왕 조미구운게 150g,건포류
펭귄에이취씨 꽁치 보일드 400g,수산물통조림/병
사조로하이리얼닭가슴살장조림 90g,축산물통조림/병
Fratelli Beretta 판세타 클라시카(PANCETTA CLASSICA) 100g,햄/소시지(통조림/병제외)
동원 멸치볶음 70g,수산물통조림/병
FARMER'S 말랑달콤배 20 g,건식품
DRIED FOOD 볶음땅콩 500g,건식품
천하장사 더블링 콰트로치즈 45g,햄/소시지(통조림/병제외)
LA DORIA S.p.A 골든투스카니 강낭콩통조림 410g,농산물통조림/병
연어레시피 그린페퍼콘 115g,수산물통조림/병
쥐포 M (10+1) 230g 이상,건포류
오징어(슬라이스) 150g,건포류
스팸 클래식 200g x 3캔 + 스팸 마일드 200g x 1캔,햄/소시지(통조림/병제외)
오뚜기 믹스넛 135g,건식품
동원 딸기쨈 800g,농산물통조림/병
순하고 진한 오징어 220g,건포류
탐스 복숭아맛아몬드 30g,건식품
하림 참맛볼비엔나 120g,햄/소시지(통조림/병제외)
대림선 빅불고기햄 250g,햄/소시지(통조림/병제외)
청정원 건강생각 햄 300g,햄/소시지(통조림/병제외)
HBAF 허니버터 아몬드 100g (10g x 10EA),건식품
한성 햇 재래 특 돌김 100매,해조류
몬스터미니후랑크커플 90g,햄/소시지(통조림/병제외)
eLPOZO 엘포조 초리초 80g,햄/소시지(통조림/병제외)
청정원리얼과일잼 100%과일재료 리얼 블루베리잼 350g,농산물통조림/병
강원도 산골황태채 300g,건포류
북어채 1kg,건포류
ZUCCATO 올리브 벨리 디 세리그노라 690g,농산물통조림/병
샘표 우리엄마 오징어채볶음 55g,수산물통조림/병
목우촌 프라임 순살햄 350g,햄/소시지(통조림/병제외)
엔네이쳐 엔네이처 두툼김밥햄 280g,햄/소시지(통조림/병제외)
바다나라 자른미역 50g,해조류
CJ 계절어보 요리용 순골뱅이 150g,수산물통조림/병
Sunnuts 넛월드 뉴 하루견과 400 g,건식품
바다마음 곱창 돌자반 볶음 기획 1+1 상품 80g,해조류
양반 서해바다 구운김 74g,해조류
동원 알래스카연어 상큼마요 135g,수산물통조림/병
롯데푸드 트로피칼 후르츠 칵테일 3050 g(고형량 : 1840 g),농산물통조림/병
CW 패밀리 통팥빙수 850g,농산물통조림/병
진주햄 바비큐그릴소시지 70g,햄/소시지(통조림/병제외)
찬마루 새콤하고 달콤한 김밥용3색 야채절임 450g,햄/소시지(통조림/병제외)
미즈앤코 해의자태 9g,해조류
블루베리요거트큐브 16g,건식품
청정원 런천미트 칼슘플러스 990g,축산물통조림/병
해달음광천올리브김 60g,해조류
티라미수맛 아몬드 25g,건식품
달담 감말랭이 60g,건식품
진주햄 알뜰주부 진주줄줄이 400g,햄/소시지(통조림/병제외)
Johnsonville 피코크 쟌슨빌 폴리쉬 소시지 1080g,햄/소시지(통조림/병제외)
두레 미니 슬라이스 족발 400g (±2%),조미육가공
백설 런천미트 340g,축산물통조림/병
황태채 400g,건포류
복음자리 45도과일잼 사과 350g,농산물통조림/병
가림 딸기잼 3kg,농산물통조림/병
Fisher 허니 로스티드 피넛 140g,건식품
하루견과 크랜베리 250g,건식품
백설햄 알찬소시지 500g,햄/소시지(통조림/병제외)
GWALTNEY 갈트니 후랑크 소시지 454g,햄/소시지(통조림/병제외)
The더건강한 The 더건강한 라운드햄 500g,햄/소시지(통조림/병제외)
LEGADO 하몽 데 세보 이베리코 60g,햄/소시지(통조림/병제외)
cj 제일제당 The더건강한햄치즈 340g,축산물통조림/병
동원순닭가슴살 135g,축산물통조림/병
"안주왕 볶음땅콩 1,000g",건식품
동원참치DHA 100g,수산물통조림/병
삼립 추억의 도시락 소시지 150g,햄/소시지(통조림/병제외)
HBAF 쿠키앤크림 아몬드 100g (10g x 8EA),건식품
하림 치킨팜 200g,축산물통조림/병
名家 명가미역 80g,해조류
"만전김 유기식품 햇살과 바람이 길러낸 김 1호 306g (45g x 2캔, 3g x 24봉, 18g x 8봉)",해조류
목우촌 오리훈제 슬라이스 500g,조미육가공
이마트 제대로 만든 불에 구운 김밥햄 200g,햄/소시지(통조림/병제외)
복음자리 45도과일잼 오렌지 350g,농산물통조림/병
Olive Petruzzelli 그린 체리뇰라 올리브 560g,농산물통조림/병
스팸 클래식 200g,축산물통조림/병
BEBECOOK 바르게 만든 꼬마 소시지 240g (60g x 4봉),햄/소시지(통조림/병제외)
목우촌 주부9단순살햄 1kg,햄/소시지(통조림/병제외)
RichFarm Nuts 뿌려먹는견과 360g,건식품
화과방 우리통팥 850g,농산물통조림/병
미트라인 양념돼지갈비 2KG,조미육가공
국산 볶음 알땅콩 220g,건식품
국물.대멸치.특(300g) 300g,건포류
코주부 육포 Original 170 g,조미육가공
동원 꽁치 400g,수산물통조림/병
참 고소한 김,해조류
진주햄 알뜰주부 진주줄줄이 400g,햄/소시지(통조림/병제외)
담과연 호두분태 140 g,건식품
펭귄백도 400g,농산물통조림/병
자엔에서 온 복음자리 자연에서 온 사과칩 11g,건식품
HOT BROTHERS 벌집수제껍데기 500G,조미육가공
BLUE DIAMOND 후렌치후라이드아몬드 40g,건식품
paleo 브라질너트와 사차인치가 한봉에 20g,건식품
주부9단 살코기햄 1kg,햄/소시지(통조림/병제외)
동원 상상육포 정통바베큐맛 40g,조미육가공
소문난한가족녹차김 72g,해조류
해달음 광천김 60g,해조류
The 더건강한 자연에서 얻은 재료로 만든 라운드햄 500g,햄/소시지(통조림/병제외)
리챔 트러플 300 gx3개입(900 g),축산물통조림/병
황토가마에 구운 프리미엄 넛츠. 베리 플러스 750g,건식품
CJ 비비고 한식간장 김자반 100g,해조류
가현김 64g / 4 g x 16봉,해조류
주부9단 프랑크 소시지 500g,햄/소시지(통조림/병제외)
동원 골뱅이 235g,수산물통조림/병
CJ The 더건강한 닭가슴살 소시지 꼬치 80g,햄/소시지(통조림/병제외)
San Marcos 슬라이스 할라피뇨 피클 210g,농산물통조림/병
큐원 건크랜베리 150g,건식품
SAJO 사조살코기참치안심따개 100g,수산물통조림/병
주식회사 질러 까먹자 포장천재 양념갈비맛 45g,조미육가공
미트라인 양념왕갈비 2KG,조미육가공
오뚜기 스위트콘 2.126kg,농산물통조림/병
프레시안 샌드위치햄 100g,햄/소시지(통조림/병제외)
존쿡 델리미트 버터버팔로 폭립 400g,조미육가공
온천지 소문난 광천 김가루 400g,해조류
롯데 엔네이처 부드러운 프랑크 520g,햄/소시지(통조림/병제외)
초이스 엘 망고가 맛있다 400g,농산물통조림/병
참프레 IQF 닭가슴살 1kg,조미육가공
바다한입 참진미 1kg,건포류
롯데햄 롯데비엔나 220g,햄/소시지(통조림/병제외)
엄마가 선택한 맛있는김 16g,해조류
설탕 토스트스프레드 100g,농산물통조림/병
북어채 130g,건포류
SNG FOOD VILLAGE 황토가마에 구운 땅콩 400g,건식품
사조연어 사조 고추연어 안심따개 405g,수산물통조림/병
paste it 페이스트 잇 코코넛 175g,농산물통조림/병
캠프&하우스 그릴비엔나 미니 260g,햄/소시지(통조림/병제외)
동원 리챔 25% 더블라이트 200g,축산물통조림/병
스팸클래식 340g,축산물통조림/병
"마니커 무항생제 통닭 무항생제 통닭 800 g, Fresh 백숙재료 20 g",조미육가공
Waitrose 세빌리아 오렌지 454g,농산물통조림/병
리챔 25% 더블라이트 600g (200gx3캔),축산물통조림/병
의성마늘육포 40g,조미육가공
용대황태연합단대륭영농조합법인 골든황태(채) 70g,건포류
포장마차식 튤립 양념닭발 300g,조미육가공
피코크 엄마기준 과일통통 블루베리퓨레 200g,농산물통조림/병
사조참치 사조찌개전용참치 안심따개 300g,수산물통조림/병
DEGLET NOUR 대추야자 350 g,건식품
양반김 3g,해조류
HONEST PROJECT 새콤달콤 파인애플칩 16g,건식품
유어스 오징어는땅콩을좋아해 65g,건포류
롯데푸드 주전부리 먹태채 115g,건포류
델립 비엔나 1kg,햄/소시지(통조림/병제외)
토농이 건자두 380g,건식품
아워홈 매콤오돌뼈 160g,조미육가공
동원 오븐&통그릴 델리햄 500g,햄/소시지(통조림/병제외)
GOOBER 구버 스트로베리 피넛버터 510g,농산물통조림/병
건국햄 폴리쉬소시지 250g,햄/소시지(통조림/병제외)
오뚜기 김치찌개용참치 100g,수산물통조림/병
테디 땅콩버터 스무드 510g,농산물통조림/병
nuts & berries 밀크카우아몬드,건식품
사조 안심닭가슴살 135g,축산물통조림/병
sweet 공주 맛밤 50g,건식품
뉴 하루견과 20g,건식품
일가집 김밥용 우엉 플러스 단무지	 250g,햄/소시지(통조림/병제외)
머거본 달콤한 직화육포 25g,조미육가공
사조참치 사조살코기참치 안심따개 300g,수산물통조림/병
Dole 망고톡 100g,농산물통조림/병
롯데햄 김밥속햄 200g,햄/소시지(통조림/병제외)
새콤달콤 동결 건조 딸기칩 20g,건식품
동원 자연산 골뱅이 매실청 함유 140g,수산물통조림/병
프레시안 더(The) 건강한 햄 후랑크소시지 150g,햄/소시지(통조림/병제외)
복음자리 카야잼 스위트 240g,농산물통조림/병
소디프B&F 소디프청양고추맛소시지 1000g,햄/소시지(통조림/병제외)
"훅스 유기농 크런치 무슬리 (다크초콜릿, 아몬드) 350g",건식품
바다건해 여수멸치 볶음조림용 150g,건포류
자연원 매콤달콤호두 190g,건식품
딜리셔스 일레븐 850g,건식품
롯데햄 의성마늘 프랑크 350g,햄/소시지(통조림/병제외)
DAK 포크런천미트 1.81kg,축산물통조림/병
백진미 오징어채 300g,건포류
RichFarm Nuts 피넛 브리틀 바이츠 210g,건식품
대림선 캠프&하우스 모듬꼬치 비엔나 240g,햄/소시지(통조림/병제외)
머거본 캐슈너트 125g,건식품
코주부 CLASSIC 육포 MILD 130g,조미육가공
복숭아맛 아몬드 10g,건식품
직화 장어구이 32g,건포류
DRY&FISH 치즈어포 140g,건포류
동원 본엠 통그릴비엔나 와인숙성 330g,햄/소시지(통조림/병제외)
올품 굽닭 닭다리 400 g,조미육가공
딸기맛아몬드,건식품
롯데햄 의성마늘 담백한 베이컨 340g,조미육가공
바다야채 광천김 파래,해조류
엔네이처 그린레시피 치킨비엔나 234g,햄/소시지(통조림/병제외)
HBAF 피넛라떼아몬드 120g,건식품
동원 스위트콘 2950g,농산물통조림/병
프랑크푸르터 (FRANKFURTER) 540g,햄/소시지(통조림/병제외)
해왕 황태채 80g,건포류
목우촌 뽀로로와 친구들 비엔나 소시지 270g,햄/소시지(통조림/병제외)
스팸 싱글 마일드 80g,축산물통조림/병
엔네이처 그린레시피 치킨비엔나 468g,햄/소시지(통조림/병제외)
좋은세상 비타민 견과 스페셜 600g,건식품
오물조물얌얌 밥 한 공기 자반(고소한맛) 12g,해조류
"동원참치 살코기, 마일드참치 450g (150g x 4캔)",수산물통조림/병
해표 광천김 60g,해조류
청정원 런천미트 칼슘플러스 330g,축산물통조림/병
복음자리 딸기잼 380g,농산물통조림/병
북어채 400g,건포류
국물용멸치 250g,건포류
요리하다 샌드위치햄 90g,햄/소시지(통조림/병제외)
사브작 큐브 김스낵 크랜베리&허니 30g,해조류
청정원 런천미트 칼슘플러스 570g,축산물통조림/병
올반 삼계탕眞 900 g,조미육가공
KAYA HOUSE 카야하우스 프리미엄 카야브라운 (Kaya House Premium Kaya Brown) 280g,농산물통조림/병
씨제이제일제당 계절어보 바로먹는 간장꽁치 120g,수산물통조림/병
롯데햄 알뜰소시지 350g,햄/소시지(통조림/병제외)
청정원 딸기잼 470g,농산물통조림/병
Penut Butter&Co. 피넛버터앤코 땅콩버터스무스 오퍼레이터 454g,농산물통조림/병
편강 100g,건식품
해왕 볶음용.소멸치 150g,건포류
목우촌 시그니처 오리훈제 슬라이스 400 g,조미육가공
델립 숯불구이맛 김밥햄 200g,햄/소시지(통조림/병제외)
CJ 제일제당 맛밤 80 g,건식품
하림 허브맛 치킨 한마리 600g,햄/소시지(통조림/병제외)
All That 카카오닙스 170g,건식품
이마트 볶은 아마씨 300g,건식품
롯데햄 미니비엔나 140g,햄/소시지(통조림/병제외)
롯데햄 요리엔 스모크햄 1000g,햄/소시지(통조림/병제외)
쓰리스푼 단호박 밀크잼 200 g,농산물통조림/병
롯데햄 의성마늘햄 270g,햄/소시지(통조림/병제외)
CJ The 더건강한 브런치슬라이스 닭가슴살 250g,햄/소시지(통조림/병제외)
Boya 자이언트 스퀴드 갈리시안 통조림(오징어다리 73%) 111g,수산물통조림/병
제임스티스푼 퐁당 과일워터 오렌지 25g,건식품
의성마늘 로스팜 600g,축산물통조림/병
존쿡 코파 50g,햄/소시지(통조림/병제외)
DEL MONTE 델몬트 후레쉬컷 청크 파인애플 227g,농산물통조림/병
어린이용 천하장사 포키즈 콘치즈 126g,햄/소시지(통조림/병제외)
Tom's 불닭맛아몬드 30g,건식품
잘게 잘라 향이 좋은 고명용 김가루 200g,해조류
샘표 우리엄마 메추리알 장조림 130g,축산물통조림/병
슬라이스황도 400g(고형량:220g),농산물통조림/병
성경김 지도표 성경 파래생김 200g,해조류
스팸 마늘 600g,축산물통조림/병
테일러 푸룬 30g 3+1,건식품
살코기 오뚜기참치 200g,수산물통조림/병
톳해초샐러드 300g,해조류
한성기업 캠프렌즈 콤비부어스트파티 330g,햄/소시지(통조림/병제외)
동원 녹돈 순살햄 480g,햄/소시지(통조림/병제외)
MACKAYS 맥케이 레몬커드 340g,농산물통조림/병
ConAgra Foods 헌트 토마토 홀 411g,농산물통조림/병
Kt Food 건크랜베리 500g,건식품
소디프불고기맛소시지 1000g,햄/소시지(통조림/병제외)
마른 미역 50g 1봉지,해조류
웰빙동산 커피땅콩 1kg,건식품
로스팜 엔네이처 340g,축산물통조림/병
백설 오리지널 비엔나 125g,햄/소시지(통조림/병제외)
Murgerbon 허니레몬아몬드 30g,건식품
바로선 볶음땅콩 350g (±5g),건식품
존쿡 델리미트 캠핑파티 1020g,햄/소시지(통조림/병제외)
Tom's 요구르트맛아몬드 30 g,건식품
머거본 민속통육포,조미육가공
사조 꽁치 300g,수산물통조림/병
청정원 슬림한 햇돌김 64g,해조류
동원 자연산 골뱅이 깨끗한 바다 싱싱한 맛 900g (300g x 3캔),수산물통조림/병
오뚜기 멸치&아몬드 35g,건식품
브라질넛믹스 900g,건식품
AROY-D 나타데코코 인 파인애플쥬스 450 g,농산물통조림/병
청정원 스모크햄라운드 730g,햄/소시지(통조림/병제외)
베레타 제노아 슬라이스 85g,햄/소시지(통조림/병제외)
명성리프레쉬 추억의어포 오리지널 20g,건포류
돌김 100매,해조류
대왕줄쥐포 170g,건포류
FOODZONE 칩멍크 불닭맛 아몬드 110g,건식품
브레드가든 건조코코넛 팬시스레드 70g,건식품
Striploin Beef 채끝 스테이크 육포 200 g,조미육가공
청정원 한입비엔나 660g (330g x 2개입),햄/소시지(통조림/병제외)
동원 통그릴 비엔나 치즈쏙쏙 480g,햄/소시지(통조림/병제외)
맛있는 풍경 사과칩 10g,건식품
STONEWALL KITCHEN 스톤월키친 구운마늘 양파 잼 368g,농산물통조림/병
TONG GARDEN 코코넛땅콩 60g,건식품
Richfarm Nuts 마르코나 아몬드 140g,건식품
소문난삼부자 김가루 60g,해조류
와인앤저키 오리지날 육포 180g,조미육가공
리챔 오리지널 600g,축산물통조림/병
DONG WON 동원을지로 골뱅이 무침용 300 g X 3캔입,수산물통조림/병
자른 미역 500g,해조류
한아담식품 광천미스 김자반 300g,해조류
신한성식품 참진미오징어 400g,건포류
다향 고추장소스가 들어있는 무항생제 정육슬라이스 500g + 간편고추장소스 130g,조미육가공
에쓰푸드 모듬소시지I,햄/소시지(통조림/병제외)
하림 나트륨을 줄인 담백한햄 340g,축산물통조림/병
Camfriends 그릴김밥햄 140g,햄/소시지(통조림/병제외)
사조산업 고추참치(안심) 135g x 4캔,수산물통조림/병
"델몬트 파인애플 청크 3,050 g",농산물통조림/병
존쿡 델리미트 잇츠베이컨 300g,햄/소시지(통조림/병제외)
온세식품 웰빙 맛자랑 구운 김밥김 20g,해조류
정화식품 한입오징어다리 400g,건포류
플랜터스 드라이 로스트 피넛 199g,건식품
쉘위쿡 알뜰프랑크 1000g,햄/소시지(통조림/병제외)
프레첼 믹스넛 380g,건식품
신화에프에스 대왕아귀포 200g,건포류
Only Price 믹스넛 180g,건식품
유가원 유기농 건 포도 160g,건식품
동원 오븐&통그릴 폭찹스테이크 오리지널 560g,햄/소시지(통조림/병제외)
CJ제일제당 핫도그용 포크소시지 950g,햄/소시지(통조림/병제외)
프레시안 더(The) 건강한 비엔나소시지 370g,햄/소시지(통조림/병제외)
그린넛 건크랜베리 700g,건식품
청정원 갈릭팜 130g,햄/소시지(통조림/병제외)
사라토가 블리자드 버터 크리미 화이트 초콜릿 피넛버터 453g,농산물통조림/병
올품 무항생제 닭다리살(정육) 400g,조미육가공
청정원 파래돌김자반 50g,해조류
베레타 소프레사타 슬라이스 85g,햄/소시지(통조림/병제외)
오뚜기 야채참치 150g,수산물통조림/병
DRY&FISH 반찬용 쥐포채 160g,건포류
RICH FARM 볶음사차인치넛 200g,건식품
건조크랜베리루비 180g,건식품
안주공방 성경 먹태 55g,건포류
닥터넛츠 프리미엄 골드 28g,건식품
머거본 넛츠&스낵 105g,건식품
맛진미 100g,건포류
Andan Jam 안단 크림치즈 단호박잼 220g,농산물통조림/병
분말한천 지에이알-400 30g,해조류
꾸이꾸이믹스넛 1kg,건식품
질러 순수육포 70g,조미육가공
프레시안 더 건강한 그릴비엔나 360g,햄/소시지(통조림/병제외)
마니커에프앤지 닭한마리 1300g,조미육가공
오뚜기 고추참치 150g,수산물통조림/병
Organic Story 유기농 서리태볶음 180g,건식품
동원 건강한참치 저나트륨 400g,수산물통조림/병
웰니스브런치 오리지널 500g,햄/소시지(통조림/병제외)
삼포 푸드마크 밥술친구 매운 골뱅이 볶음 120g,수산물통조림/병
청정원 리치부어스트 그릴믹스5 320g,햄/소시지(통조림/병제외)
건국햄 바베큐 소시지 300g,햄/소시지(통조림/병제외)
대륙 땅콩버터 2.0kg,농산물통조림/병
Tom's Farm1982 청양마요아몬드 210g,건식품
토농이 건망고 230g,건식품
성경 올리브 & 녹차 식탁김 72g,해조류
해표 고소한 돌자반김 호두&아몬드 40g,해조류
올품 무항생제 닭윗날개(봉) 400g,조미육가공
좋은세상 브라질너트 200g,건식품
사조참치 사조마일드참치 안심따개 450g,수산물통조림/병
청정원 참나무 훈연 고소한 두툼프랑크 450g,햄/소시지(통조림/병제외)
시골돌김 54g,해조류
Taylor 말린 블랙체리 170g,건식품
청정원 양파와 마늘로 맛있게 재운 스모크햄 300g,햄/소시지(통조림/병제외)
동원 통그릴비엔나,햄/소시지(통조림/병제외)
노랑오리 참나무훈연 돈목심 바베큐슬라이스 400g,햄/소시지(통조림/병제외)
돌 파인애플 슬라이스 3062g,농산물통조림/병
사조참치 사조바베큐맛참치 안심따개 100g,수산물통조림/병
Denmark Ham 덴마크 베이컨 100g,햄/소시지(통조림/병제외)
리챔 자연레시피 340g,축산물통조림/병
오물조물얌얌 새우멸치파래돌김자반볶음 300g,해조류
KC 양념장에 찍어먹는 구운 파래김 150g,해조류
펭귄 꽁치 400g,수산물통조림/병
황태채 150g,건포류
실속 오징어&땅콩 75g,건포류
존쿡 델리미트 올리브 포크 미트로프 180g,햄/소시지(통조림/병제외)
삼삼한 쥐포,건포류
BOCAGE 바스크식 닭요리 285g,축산물통조림/병
스팸 클래식 120g,햄/소시지(통조림/병제외)
동원 그릴리 골든베이컨 치즈 420g (140g x 3개),조미육가공
natural's friend 코코넛로쉐 120g,건식품
유동 1초골뱅이 매콤 140g,수산물통조림/병
올품 무항생제 닭아랫날개(윙) 400g,조미육가공
말린 무화과 190g,건식품
오뚜기 후렌치후라이드 아몬드 40g,건식품
바다건해 통영멸치 볶음조림용 300g,건포류
엔네이처 그린레시피 치킨프랑크 500g,햄/소시지(통조림/병제외)
DONGWON 동원참치-큐 165g,수산물통조림/병
대관령한우 장조림 95g,수산물통조림/병
광천김 핑크퐁 키즈 줄줄이김 36g(1.5g x 24봉),해조류
샘표 바로바로 요리하는 바지락 140g,수산물통조림/병
머거본 국내산 민속 통육포 35g,조미육가공
DONGWON 동원매운 고추참치 135g,수산물통조림/병
청정원 사브작 쫄깃 육포 바이트 달콤 숙성 30g,조미육가공
참맛진미 오징어 250g,건포류
자연앤자연동원골뱅이 135g,수산물통조림/병
"팔돈막창 스팀 초벌 막창 400g (스팀초벌돼지막창 320g, 123막창소스 80g)",조미육가공
뚝딱참치 김치&날치알 100g,수산물통조림/병
유명산지삼천포 삼천포 명산지 멸치 1kg,건포류
"가현김자반 명란맛 60g, 2.12oz",해조류
토농이 구운캐슈넛 230g,건식품
고다치즈&아로니아 믹스 550g,건식품
롯데햄 라퀴진 슬라이스햄 100g,햄/소시지(통조림/병제외)
상하농원 딸기잼 500g,농산물통조림/병
한성기업 직화구이 후랑크 150g,햄/소시지(통조림/병제외)
태산 딱좋아 광천김 64g,해조류
자연미각 함초 돌자반 70g,해조류
동원 껍질벗긴 알감자 200g,농산물통조림/병
산야초 오리훈제슬라이스 600g,조미육가공
화풍 마라시노 레드체리 1988g,농산물통조림/병
황태채200g 200g,건포류
Andan Jam 안단 신선 블루베리잼 460g,농산물통조림/병
사조참치 사조살코기플러스참치 안심따개 100g,수산물통조림/병
Sunnuts 하루견과 시그니처 오리지널 396g,건식품
동원참치 매운김치찌개용 100g,수산물통조림/병
구운 아귀채 200g,건포류
한성기업 런천미트 200g,축산물통조림/병
통황태 1마리,건포류
JOHNCOOK DELI MEATS 전G베이컨 200 g,조미육가공
동원 순 닭가슴살 270g,축산물통조림/병
롯데햄 김밥속햄 100g,햄/소시지(통조림/병제외)
델립 와인갈릭비엔나 600g,햄/소시지(통조림/병제외)
SuperJam 슈퍼잼 블루베리&블랙커런트 (Superjam Blueberry&Blackcurrant) 212g,농산물통조림/병
FOODZONE 코코파이 참깨 70 g,건식품
하루의 쉼표... 해오징어버터구이 27g,건포류
오물조물얌얌 야채파래돌김자반 45g,해조류
롯데햄 떡갈비 160g,햄/소시지(통조림/병제외)
염장미역 200g,해조류
아빠랑 무화과잼 280g,농산물통조림/병
콘킹후랑크소시지 (Corn King Frank Sausage) 454g,햄/소시지(통조림/병제외)
머거본 흑당밀크티아몬드 250 g,건식품
하림 3% 미만 저지방 닭가슴살햄 챔 200g,축산물통조림/병
샘표 질러 직화풍 BBQ 30 g,조미육가공
화풍 마라시노 레드체리 375g,농산물통조림/병
BOCAGE 크레올 포크라이스 300g,축산물통조림/병
올반 바짝 오리 간장불고기 200g,조미육가공
프레시안 더(THE) 건강한 그릴후랑크 600g,햄/소시지(통조림/병제외)
청정원 콰트로 치즈 그릴비엔나 300g,햄/소시지(통조림/병제외)
오뚜기 블루베리쨈 500g,농산물통조림/병
만전두번구운김 삼각김밥용 48g,해조류
팜앤들 잇츠와우 두점박이 민꽃게크런치 40g,건포류
로하이 보크부어스트 520g,햄/소시지(통조림/병제외)
광천김 올리브유 바르고 녹차가 첨가된 김 60g,해조류
트루만스 핫도그 (TRUEMAN'S HOT DOG) 540g,햄/소시지(통조림/병제외)
EVERYDAY NUTS 믹스넛츠&건크랜베리 800g,건식품
Tom's 꿀유자맛아몬드 30 g,건식품
dried food 구운 아몬드 700g,건식품
매콤 황태스낵 60g,건포류
이마트)구운사차인치400g,건식품
동원참치 살코기 150g,수산물통조림/병
동원 통그릴 윈너 440g,햄/소시지(통조림/병제외)
동원참치 살코기 덕용 1880g,수산물통조림/병
동원참치 살코기 210g,수산물통조림/병
동원 본엠 통그릴비엔나 와인숙성 660g,햄/소시지(통조림/병제외)
목우촌 원칙을 지키는 비엔나 480g,햄/소시지(통조림/병제외)
하림 닭가슴살 소시지 훈제 120g,햄/소시지(통조림/병제외)
오뚜기 아임스틱 라즈베리딸기쨈 200g,농산물통조림/병
사조 피크닉바베큐 300g,햄/소시지(통조림/병제외)
씨제이제일제당 스팸 핫&스파이시 340G,축산물통조림/병
일가집 맛있는제안1 삼각김밥만들기SET 219.9g,햄/소시지(통조림/병제외)
허니버터맛오징어 35g,건포류
동원 매운 고추참치 150g,수산물통조림/병
삼각김밥김 15매,해조류
맛있는 풍경 유기인증받은 자른 다시마 110g,해조류
초록다먹은 커피맛 땅콩 100g,건식품
아임닭 닭가슴살 크런칩 시그니처 25g,조미육가공
노브랜드 리얼햄 1000g,햄/소시지(통조림/병제외)
머거본 알땅콩 270g,건식품
존쿡 이탈리안 살라미 50g,햄/소시지(통조림/병제외)
델몬트 피에스타 트로피칼 후르츠 믹스 (Del Monte Fiesta Tropical Fruit Mix) 850g,농산물통조림/병
맥스봉 치즈 50g,햄/소시지(통조림/병제외)
동원 그릴리 골든 베이컨 트러플 140g,조미육가공
DELSOL 델솔 나쵸 슬라이스 할라피노 페퍼스 2.892kg,농산물통조림/병
오뚜기 수퍼 스위트콘 198g,농산물통조림/병
프레시안 영양쏙쏙 김밥햄 260g,햄/소시지(통조림/병제외)
머거본 인절미맛땅콩 110g,건식품
청정원 블랙블루베리잼 360g,농산물통조림/병
동원 오븐&통그릴 직화후랑크 500g (250g x 2개입),햄/소시지(통조림/병제외)
CJ제일제당 The더건강한 닭가슴살 직화 화다닭 75g,조미육가공
그린에프엠 해의김자반 플레인 30G x 1EA,해조류
김연구가 박향희 오메가플러스와사비김 10g(0.35oz),해조류
에이뷰 맛있는풍경 유기식품 두번구운 김밥용김 20G x 1EA,해조류
건망고 슬라이스 300g,건식품
좋은세상 빅5 100g,건식품
하림 닭가슴살 오리지널 1000g,조미육가공
청정원 essential 청정원 올리브유 재래김 20g,해조류
백설 런천미트 200g,축산물통조림/병
피코크 사과 그대로 18g,건식품
코주부 Original 육포 170g,조미육가공
믹스너츠 1kg 1kg,건식품
동원참치 동원 마일드참치 100g,수산물통조림/병
유가원 유기농 건포도 160g,건식품
치즈구이오징어 35g,건포류
ZUEGG 밤 쨈 330g,농산물통조림/병
지도표재래식성경식탁김 36g,해조류
한옥남 가늘게 썰은 다시마채 120g,해조류
티젠 밀크티 스프레드 200g,농산물통조림/병
레시피아 스위트 커널 콘 2900g(고형량: 1800g),농산물통조림/병
캠프렌즈 초리소도스 160g,햄/소시지(통조림/병제외)
식자재왕 베이컨 1000g,햄/소시지(통조림/병제외)
동원 야채참치 150g,수산물통조림/병
Fresco 파인애플슬라이스 830g,농산물통조림/병
요거트프렌즈S 10봉입,건식품
동원 양념에 빠진 불골뱅이 140g,수산물통조림/병
LOTTE 델가 스위트 커널콘 2950g,농산물통조림/병
동원에프앤비 리얼킹 비프 360g(30g*12입),조미육가공
좋은세상 토핑견과믹스 300g,건식품
좋은세상 빅7 100g,건식품
비비고 직화구이김 72g,해조류
HBAF 허니버터아몬드 40g,건식품
동원 비엔나소세지 338g,햄/소시지(통조림/병제외)
하림 하얀속살 하얀속살닭가슴살갈릭 110g,햄/소시지(통조림/병제외)
구운 명태포,건포류
청정원 참나무로 훈연한 그릴바베큐 640g,햄/소시지(통조림/병제외)
사조마일드참치 안심따개 100g,수산물통조림/병
명태살어채 200g,건포류
동원 델큐브참치 320g,수산물통조림/병
델립 그릴후랑크 330g,햄/소시지(통조림/병제외)
사조참치 사조살코기참치 안심따개 100g,수산물통조림/병
브링커스 잇츠마이라이프 유기농 헤이즐넛/밀크 듀오 초콜릿 스프레드,농산물통조림/병
피코크 울트라빅 할라피뇨 후랑크 90g,햄/소시지(통조림/병제외)
동원 구운골뱅이 400g,수산물통조림/병
청정원리얼과일잼 100%과일재료 리얼 레몬잼 350g,농산물통조림/병
바로선 구운 바나나칩 250g (±5g),건식품
바로선 목이버섯 100g (±5%),건식품
CW 패밀리통팥빙수(국산팥) 300g,농산물통조림/병
HBAF 흑당밀크티아몬드 120g,건식품
TEDDIE 테디 피넛버터 청키 510g,농산물통조림/병
동원 매운고추참치,수산물통조림/병
"롯데햄 로스팜 1,800 g",축산물통조림/병
백설불고기맛햄 285g,햄/소시지(통조림/병제외)
DRIED FOOD 해바라기씨 300g,건식품
노브랜드 사과잼 800g,농산물통조림/병
다향오리 열탄불고기 한판 200 g,조미육가공
머거본파이 120g,건식품
문경미소 오미자김 전장 160g,해조류
달인 김병만의 삼각김밥김용 김(무조미) 18g,해조류
와사비맛아몬드 210g,건식품
시골 올리브 & 칼슘 돌자반볶음 70g,해조류
빅숯불갈비맛후랑크 90g,햄/소시지(통조림/병제외)
광천해저돌김 96g,해조류
항진축산 오리지널 소고기육포 420g(70g x 6개입),조미육가공
두툼쥐포(5장) 180g이상,건포류
"다향 오리슬라이스 1,000g",조미육가공
스위트콘 420g,농산물통조림/병
CJ CHEILJEDANG The 더건강한 바이스부어스트 오리지널 480g,햄/소시지(통조림/병제외)
이춘복의 비법 담백한 오리지널 육포 100g,조미육가공
좋은세상 튀김땅콩 230g,건식품
메론빵모양토스트스프레드 100g,농산물통조림/병
청정원 참나무로 훈연한 샌드위치햄 400g,햄/소시지(통조림/병제외)
유동 자연산골뱅이 400g,수산물통조림/병
온리프라이스 촉촉하고 도톰한 슬라이스햄 120g,햄/소시지(통조림/병제외)
딸기딸기해 25g,건식품
하늘비 김가루 80g,해조류
동원 통그릴비엔나 윈너 300g,햄/소시지(통조림/병제외)
온리프라이스 믹스넛 180g,건식품
카오숑 스리라차 땅콩과자,건식품
베베쿡 처음 먹는 어린이 김 양파 15g,해조류
노브랜드 전장김 100g,해조류
동원참치DHA 150g,수산물통조림/병
점보 드라이드 블루베리 500g,건식품
SKIPPY 스키피 땅콩버터-크리미 462g,농산물통조림/병
상하농원 치즈프랑크 180 g,햄/소시지(통조림/병제외)
바다마음 곱창돌김 50매,해조류
존쿡 델리미트 클래식 이탈리안 치즈 살라미 200g,햄/소시지(통조림/병제외)
복음자리 Hav'eat 유기농 블루베리잼	 290g,농산물통조림/병
유가원 유기농 어니언 아몬드 100g,건식품
포모도리 펠라티 400g,농산물통조림/병
cj 제일제당 The더건강한햄치즈 200g,축산물통조림/병
아이배냇 꼬마 조아햄 200g,축산물통조림/병
cj제일제당 The 더건강한델리햄 750g,햄/소시지(통조림/병제외)
해표 더 고소한 돌자반김 오리지널 50g,해조류
마누카캔디드피칸 170g,건식품
델몬트 후레쉬컷 슬라이스 파인애플 836g,농산물통조림/병
SAJO 해표 더고소한 곱창돌김 60g (5g x 12봉),해조류
TRADERS DEAL 오리지날베이컨 1350g,조미육가공
탐라원 보석귤 30g,건식품
푸드토랑 오독오독 고돌뼈 갈비맛 200g,조미육가공
로스팜 라이트 + 런천미트 3입기획 1020g,축산물통조림/병
김연구가 박향희 뿌아김견과 30g,해조류
담과연 하루한줌 건강한줌7(건크랜베리) 250g,건식품
캠프렌즈 치즈미니윈너 480g,햄/소시지(통조림/병제외)
DAESANG 청정원 바사삭 들기름김 48g (4g x 12봉),해조류
ONLY price 맛밤 110g,건식품
성경식품 삼각김밥용김 22g,해조류
POPKIM(팝김) 신안 천사의 섬 지주식김으로 만든 돌김자반 55g,해조류
건강한 약속 조미쥐치포 180g,건포류
들기름을 섞어 바삭바삭 고소하게 구워낸 파래김 3매,해조류
백설 구이한판 그릴 스모크맛 540g (60g x 9개입),햄/소시지(통조림/병제외)
맛있게잘만든햄 청정원 스모크햄 500g,햄/소시지(통조림/병제외)
NUTOLOGY The Essentials 구운사차인치 30g,건식품
백설햄 알찬소시지 500g,햄/소시지(통조림/병제외)
그릭슈바인 육즙가득 부어스트 바질 550g,햄/소시지(통조림/병제외)
E 허니버터아몬드N 40g,건식품
SMOKEDELI 훈제목심 500g,조미육가공
초이스엘 옛날소시지 360g,햄/소시지(통조림/병제외)
쫄깃한 반건조 오징어 90g 1마리,건포류
진주햄 CHOICEL 자연숙성시켜 맛이 깊은 베이컨 260g,햄/소시지(통조림/병제외)
맛있는 풍경 유기농 인증 원료로 만든 김자반볶음 40g,해조류
풀무원 노을해심 10g,해조류
LOTTE 의성마늘 훈제오리슬라이스 400 g,조미육가공
MARKET D 명태살채 300g,건포류
동원 저스트 코코넛칩 오리지널 40g,건식품
랭킹닭컴 더프레시 스팀 닭가슴살 오리지널 400g (100g x 4개),조미육가공
리챔 와인숙성 1020g,축산물통조림/병
황우 쇠고기 육포 스틱형 45g,조미육가공
바다향기 볶음용멸치 300g,건포류
대림선 세절김밥속햄 1000g,햄/소시지(통조림/병제외)
CW 패밀리통팥빙수 300g,농산물통조림/병
almito 그릴드 머쉬룸 위드 크림치즈 280g,농산물통조림/병
아임닭 참숯 매콤 훈제 닭가슴살 수제 소시지 120g,햄/소시지(통조림/병제외)
CJ The 더건강한 부드러운 닭가슴살 직화통살구이 100g,햄/소시지(통조림/병제외)
존쿡 클래식 이탈리안 살라미 200g,햄/소시지(통조림/병제외)
진주햄 삼각 떡갈비 1200g,햄/소시지(통조림/병제외)
DRY&FISH 자꾸만 생각나는 오징어의 참맛 100g,건포류
존쿡델리미트 불고기소시지 320g,햄/소시지(통조림/병제외)
올반 깐풍닭강정 400g,조미육가공
용대황태연합단대륭영농조합법인 골든황태(통) 70g,건포류
볶음용 멸치 1kg,건포류
다향오리 열탄불고기 한판 매콤한맛 200g,조미육가공
스팸 마일드 340g,축산물통조림/병
동원참치 동원황다랑어 포도씨유참치 100g,수산물통조림/병
황태채 180g,건포류
한성기업 불갈비맛햄 800g,햄/소시지(통조림/병제외)
진주 한입크기 명품쇠고기육포 15g,조미육가공
길림 프리미엄올넛 700g,건식품
DURKEE MOWER 플러프 마쉬멜로 카라멜향 213g,농산물통조림/병
샹.달프 블랙체리잼 170g,농산물통조림/병
설악골 자른황태 200g,건포류
유동 순살 왕꼬막 & 골뱅이 280g,수산물통조림/병
효성푸드 올리브 김가루 70g,해조류
동원 멸치볶음 50g,수산물통조림/병
맑은강산 캐슈넛 110g,건식품
하림 닭가슴살 큐브 150g,조미육가공
원더푸드 고구마 말랭이 1kg,건식품
CJ The 더건강한 브런치슬라이스허니 250g,햄/소시지(통조림/병제외)
오뚜기 가벼운참치 김치찌개용 100g,수산물통조림/병
DONGWON 동원 바른오리 훈제통살 슬라이스 300g,조미육가공
Dry&Fish 백진미오징어 300 g,건포류
구운김밥김 180g,해조류
먹었다.초록향에 반했다.곤드레,건식품
한입크기 명품쇠고기육포 15g,조미육가공
마늘애쥐포구이채 150g,건포류
베레타 프로슈토 슬라이스 85g,햄/소시지(통조림/병제외)
하림 요리비엔나 1000g,햄/소시지(통조림/병제외)
헬리오스 딸기잼 330g,농산물통조림/병
주부9단 비엔나소시지 450g,햄/소시지(통조림/병제외)
구운양태포 140g,건포류
THAItanic 타이타닉 코코넛밀크 165ml,농산물통조림/병
상상안심육포 40g,조미육가공
양반 조미김 90g,해조류
매운리챔,축산물통조림/병
염장모듬해초 200g,해조류
런천미트 340g,축산물통조림/병
장수농가 브라질너트 250g,건식품
청정원 트리플베리 딸기잼 370g,농산물통조림/병
SKIPPY 스키피 땅콩버터-청크 462g,농산물통조림/병
TARFUFI 트러플 앤 올리브 80g,농산물통조림/병
토농이 건무화과 250g,건식품
동원 비엔나소세지 780g,햄/소시지(통조림/병제외)
제주 설성햄 선물세트 1800g (200g x 9개),햄/소시지(통조림/병제외)
사과칩,건식품
하림핫바베큐치킨 150g,축산물통조림/병
건무화과 200g,건식품
사조 담백한 살코기 연어 135g,수산물통조림/병
Oscar Mayer 오스카 마이어 베이컨 오리지널 (OSCAR MAYER BACON ORIGINAL) 453g,조미육가공
볶음피스타치오 600g,건식품
이마트 제대로만든 샌드위치 햄 200g,햄/소시지(통조림/병제외)
GLORY 싱가포르 카야 노슈가 250g,농산물통조림/병
롯데햄 김밥속햄 200g,햄/소시지(통조림/병제외)
북어채80g 80g,건포류
하림 안심통살구이 400g,조미육가공
황태채 100g,건포류
좋은세상 커피땅콩 [대] 800g,건식품
자주 포도포도해 30g,건식품
하루견과 베리머치 골든레이즌 400g,건식품
디포리 200g,건포류
ST.DALFOUR 샹.달프 블루베리잼 28g,농산물통조림/병
사조 安心(안심)오리팜 340g,축산물통조림/병
BLUE DIAMOND ALMONDS 스모크하우스 아몬드 20g,건식품
SAJO 안심 닭가슴살 90g,축산물통조림/병
동원 포도잼 680g,농산물통조림/병
오뚜기 황도 슬라이스 3kg,농산물통조림/병
이마트 설탕 대신 올리고당 사과잼 380g,농산물통조림/병
Taylor 테일러푸룬 50g,건식품
푸드토랑 오독오독 고돌뼈 고추장맛 200g,조미육가공
동원 스낵참치 고소마요 100g,수산물통조림/병
머거본 달콤한복숭아아몬드 180g,건식품
올품 무항생제 닭볶음탕용 1000g,조미육가공
수협 황태 제사포 100g,건포류
믹스너츠 450g,건식품
바다원 멸치랑 새우랑 27g,해조류
파스트라미 350g,햄/소시지(통조림/병제외)
청정원 츄앤리얼감 38g,건식품
오뚜기 딸기쨈 120g,농산물통조림/병
건망고 200g,건식품
복음자리 45도과일잼 사과 200g,농산물통조림/병
브라질너트와 사차인치가 한봉에,건식품
Green Nut 에브리데이넛츠 요거트블루베리 200g,건식품
동원 울릉도 골뱅이 230g,수산물통조림/병
육공방 줄줄이 비엔나 브라운 260g,햄/소시지(통조림/병제외)
와이비인터내셔널 올댓 포켓믹스넛츠 허니버터&마카다미아 200g,건식품
사조대림 강황을 먹고자란 오리바베큐 슬라이스 500g,햄/소시지(통조림/병제외)
백설햄 메뉴햄 285g,햄/소시지(통조림/병제외)
동원참치 쿡 김치찌개용 100g,수산물통조림/병
광천원김 재래김 80g,해조류
농협 아름찬 광천김 김밥김 21g,해조류
올리브유로 구운 명가김 파래,해조류
커피땅콩 100g,건식품
롯데 꿀땅콩 너트클럽 135g,건식품
HBAF 구운양파 아몬드 70g (7g x 10EA),건식품
코주부 비프져키 플러스,조미육가공
바다건해 통영멸치 볶음조림용 150g,건포류
엔네이쳐 엔네이처 라운드햄 600g,햄/소시지(통조림/병제외)
밤뜨래 우리나라 맛밤 80g,건식품
바다한입 쥐치포채 100g,건포류
카카오닙스로쉐 200g,건식품
한상궁 광천 돌자반볶음 300g,해조류
새암농장 버섯뮤즐리 in 바나나 49g,건식품
오뚜기 멸치&아몬드 100g,건식품
유동 번데기 280g,수산물통조림/병
질러 크레이지 핫 육포 30g,조미육가공
식자재왕 조미김가루 1kg,해조류
CJ 명가미역 45g,해조류
미트라인 돌돌양념갈비 2KG,조미육가공
허브를 담은 정다운 훈제오리(600) 600g,햄/소시지(통조림/병제외)
피코크 울트라빅 치즈 후랑크 360g,햄/소시지(통조림/병제외)
동원참치 쿡 미역국용 100g,수산물통조림/병
클래식 이탈리안살라미 200g,햄/소시지(통조림/병제외)
비비고 한식간장김 48g,해조류
롯데 국내산 쇠고기 육포 70g,조미육가공
그린 동원참치 살코기/ 동원 마일드 참치,수산물통조림/병
아몬드버라이어트팩,건식품
BLUE DIAMOND 스위트허니 아몬드 90g,건식품
복음자리 무농약 유자와 감귤로 만든 잼 350g,농산물통조림/병
청정원 사브작 쫄깃 육포 바이트 오리지널 30g,조미육가공
EVERYDAY NUTS 리얼너트 믹스 250 g,건식품
진주햄 그린리본 드라이에이징 베이컨 260g,햄/소시지(통조림/병제외)
청정원 잇츠팜 순돈육 330g,축산물통조림/병
THAI heritage 타이 헤리티지 코코넛 크림 165ml,농산물통조림/병
김앤김 광천아몬드호두돌자반 40g,해조류
진주햄 맥쏘 805g,햄/소시지(통조림/병제외)
바로선 볶음아몬드 900g(±5g),건식품
바로선 볶음캐슈넛 300g (±5g),건식품
사조대림 캠프&하우스 그릴윈너 400g,햄/소시지(통조림/병제외)
믹스너츠 480g 480g,건식품
오뚜기 오'쉐프 스위트콘 3 Kg,농산물통조림/병
백설햄 비엔나 400g,햄/소시지(통조림/병제외)
진주햄 삼각 떡갈비 700g,햄/소시지(통조림/병제외)
문경미소 오미자김 도시락 80 g,해조류
CJ 맥스봉 갈릭후랑크 90g,햄/소시지(통조림/병제외)
머거본 허니버터아몬드 130g,건식품
동원 통단팥 470g,농산물통조림/병
TRADERS DEAL 로스티드 캐슈넛 800g,건식품
Tom's Farm 1982 와사비맛 아몬드 10g,건식품
DooSung 볶음아몬드 250g,건식품
양념무뼈닭발 250g,조미육가공
좋은세상 구운아귀포 5매 180g 이상,건포류
국산생들기름 광천김,해조류
청정원리얼잼 100%과일재료 리얼 키위잼 350g,농산물통조림/병
JOVY'S 조비스 크리스피필리넛 80g,건식품
롯데햄 에센뽀득 360g,햄/소시지(통조림/병제외)
자연이 준 선물 커피땅콩 500g,건식품
동해안오징어 3마리,건포류
MONTESANO EXTREMADURA S A 세라노 그란 리세르바 햄 슬라이스 120g,햄/소시지(통조림/병제외)
자주 제주그대로귤말랭이 30g,건식품
한성기업 런천미트 340g,축산물통조림/병
CJ 스팸 마라 300g,축산물통조림/병
존쿡 델리미트 치킨브레스트 120g,햄/소시지(통조림/병제외)
미원 맛소금 김자반 50g,해조류
동원참치 김치찌개용 100g,수산물통조림/병
정화 단짠어포 200g,건포류
BLUE DIAMOND 믹스너트 135g,건식품
재래김 20g,해조류
계절어보 무침용 맛골뱅이 150g,수산물통조림/병
동원 비엔나소세지 676g,햄/소시지(통조림/병제외)
샘표 황도 400g,농산물통조림/병
동원 고추참치 135g,수산물통조림/병
동원 라이트튜나 170g,수산물통조림/병
오뚜기 살코기 마일드참치 원조 250g,수산물통조림/병
건국햄 카바노치 160g,햄/소시지(통조림/병제외)
복음자리 짜먹는 무농약 딸기로 만든 잼 200 g,농산물통조림/병
Hero 헤로 딸기 프리저브 340g,농산물통조림/병
the 더 건강한 The더건강한햄페퍼갈릭 340g,축산물통조림/병
CJ CHEILJEDANG The더건강한 통삼겹스테이크 오리지널 350g,조미육가공
MACKAYS 맥케이 오렌지마멀레이드 340g,농산물통조림/병
브링커스 잇츠마이라이프 헤이즐넛 초콜릿 스프레드,농산물통조림/병
롯데햄 에센뽀득 리얼부어스트 더블 200g,햄/소시지(통조림/병제외)
유동 꽁치 400g,수산물통조림/병
참진미오징어 300g,건포류
델몬트 파인애플 슬라이스 3050 g (고형량 : 1790 g),농산물통조림/병
애브리데이넛츠 에브리데이 넛츠 매일매일건강채움 400g,건식품
한입오다리 200g,건포류
아기꼬야 귤 12g,건식품
CJ 더건강한 그릴후랑크 720 g,햄/소시지(통조림/병제외)
감사해요 하루견과 200g,건식품
소니가 미니믹스 스위트,건식품
의성마늘 로스팜 340g,축산물통조림/병
CJ제일제당 맛밤 톡톡까먹어밤 500g(껍질 제외 407g),건식품
델리카테센 텐더로인 340g,햄/소시지(통조림/병제외)
바로선 표고버섯(슬라이스) 50g (±5g),건식품
바로선 천만조 베트남건고추 80g (±5g),건식품
WellFood 구운아몬드 500g,건식품
한아담식품 대표 새우&멸치 미스김자반 40g,해조류
요리하다 방울순대 400g,조미육가공
저온에서 숙성한 돌자반김 65g,해조류
제수포 40g이상,건포류
오뗄 바베큐소시지 500g,햄/소시지(통조림/병제외)
동원 미니언즈 고추참치 135g,수산물통조림/병
박향희오고소김자반 60G,해조류
리얼너트 & 블루베리 175g,건식품
백설 브랏비엔나 720g,햄/소시지(통조림/병제외)
신성건해 볶음조림용 멸치 150g,건포류
대상 쉐프원 고소한 김가루 60g,해조류
진주 명품쇠고기육포 45g,조미육가공
하나가쓰오 500g,건포류
진심의작품 복음자리 복음자리 45도과일잼 블루베리 200 g,농산물통조림/병
하림 춘천식 순살닭갈비(순한맛) 300g,조미육가공
DAESANG 청정원 바로eat 안주야 먹태열풍 청양데리야끼맛 25g,건포류
지도표 재래식 파래김 36g,해조류
머거본 직화육포 90g,조미육가공
CJ 이츠웰 후르츠칵테일 3.062kg,농산물통조림/병
복음자리딸기잼 1050g,농산물통조림/병
바다원 돌김자반볶음 1+1,해조류
동원 통그릴 윈너 220g,햄/소시지(통조림/병제외)
AYAM 베이키드빈스 425g,농산물통조림/병
아침닭가슴살 큐브 오리지널 100g(오차범위±4.5%),조미육가공
I'm DAK 아몬드 호두 닭가슴살 수세 소시지 120g,햄/소시지(통조림/병제외)
백설 동그랑땡 400g,햄/소시지(통조림/병제외)
하루견과 마카다미아넛츠 200g,건식품
계절어보 맛골뱅이 450g,수산물통조림/병
그릭슈바인 고단백 닭가슴살 김밥햄 오리지널 220g,햄/소시지(통조림/병제외)
황태포 5미,건포류
원더풀 피스타치오 (가염) 150g,건식품
베델 밀키크림스퀴즈 50 g,농산물통조림/병
오뚜기 후루츠쨈 500g,농산물통조림/병
대화영콘 425g,농산물통조림/병
Waitrose 딸기 쨈 (STRAWBERRY JAM) 454g,농산물통조림/병
본엠 통그릴햄 500g,햄/소시지(통조림/병제외)
벨푸드 쇠고기육포 30g,조미육가공
"STONERIDGE 스톤릿지 오처드 유기농 건블루베리 113g , 4 OZ",건식품
김연구가 박향희 박향희오!고소김자반 240g (20g x 12개입),해조류
쿠키앤크림아몬드 190 g,건식품
해왕 볶음용.자멸치 150g,건포류
동원 꽁치 400g 400g,수산물통조림/병
Murgerbon 초코크런치아몬드 27g,건식품
망고 345g,농산물통조림/병
ST. DALFOUR 샹.달프 크랜베리 위드 블루베리잼 284g,농산물통조림/병
로하이 썬팜 680g,축산물통조림/병
그릭슈바인 행복하게 자란 동물복지 돼지로 만든 햄 200g,축산물통조림/병
Tom's 인절미아몬드 190g,건식품
토농이 구운아몬드 280g,건식품
사과요거트큐브 16g,건식품
간장쌈파래김 15매,해조류
롯데햄터치 300g,햄/소시지(통조림/병제외)
초이스엘 CHOICE L REAL MIX NUTS 매일견과 블루베리&요거트 200g,건식품
market D 백두산맥 기운을 받은 속살 황태채 250g,건포류
롯데햄 장조림 150g,축산물통조림/병
본엠 통그릴 두툼 김밥햄 300g,햄/소시지(통조림/병제외)
초이스엘 CHOICE L REAL MIX NUTS 매일견과 베리&요거트 200g,건식품
코주부 징기스칸 육포 순한맛 170g,조미육가공
에이스푸드 쫄깃쫄깃 양념편육&새우양념맛믹스 250g,조미육가공
공용)군옥수수맛아몬드 210g,건식품
머거본 일품 국내산 쇠고기 육포,조미육가공
1/2하프 딸기쨈 285g,농산물통조림/병
롯데햄 빅팜 불닭,햄/소시지(통조림/병제외)
청정원 건강생각 비엔나프라임 450g,햄/소시지(통조림/병제외)
바삭바삭 고소한맛 13g,해조류
롯데푸드 K 로스팜 120g,축산물통조림/병
청정원 우리팜 990g,축산물통조림/병
Pulmuone 김 먹고 튼튼한 뽀로로 키즈 김자반 60g,해조류
파래돌자반볶음 60g,해조류
오징어실채 200g,건포류
백진미오징어 300g,건포류
영일만친구 동해안 반건오징어 170g,건포류
순수딸기 20g,건식품
볶음자리 포도잼 820g,농산물통조림/병
Hartley's 하틀리 블랙커런트 잼 340g,농산물통조림/병
일가집 양념우엉 150g,햄/소시지(통조림/병제외)
DIVELLA 홀 토마토 통조림 2500g,농산물통조림/병
FARM FACTORY 팜팩토리 피치 840g,농산물통조림/병
CJ CHEILJEDANG 들기름 햇바삭김 48g (4g x 12봉),해조류
CJ CHEILJEDANG The 더건강한 바이스부어스트 페퍼 480g,햄/소시지(통조림/병제외)
김연구가 박향희 박향희파래김자반 20g,해조류
머거본 참치어포,건포류
해왕 대멸치.특 150g,건포류
브라질너츠 300g,건식품
롯데햄 롯데비엔나 280g,햄/소시지(통조림/병제외)
프레시안 더(The) 건강한 그릴후랑크 600g,햄/소시지(통조림/병제외)
동원참치 동원 쌈장참치 100g,수산물통조림/병
사조 고추참치 안심따개 340g (85g x 4캔),수산물통조림/병
GRACELAND FRUIT 건자두 200g,건식품
백진미오징어 240g,건포류
먹었다.초록향에 반했다.둥굴레,건식품
좋은세상 은어포 100g,건포류
려강 간&순대 203g(간&순대 200g + 양념소금 3g),조미육가공
정화 핫다리 45g,건포류
군고구마말랭이,건식품
Yorihada 브런치 소시지 180g,햄/소시지(통조림/병제외)
동원참치DHA 100g,수산물통조림/병
원 쇠고기육포 250g,조미육가공
동원 더참치 TO GO 키즈 70g,수산물통조림/병
머거본 치즈앤미트스키니 30g,조미육가공
참나무로 훈연한 왕오징어 180 g,건포류
GOYA 피티드 그린 만자니야 올리브 332g,농산물통조림/병
Tom's Farm 1982 불닭맛 아몬드 10g,건식품
woodstock 우드스탁 유기농 스위튼드 크랜베리 149g,건식품
ALLOS 알로스 유기농 살구 잼 250g,농산물통조림/병
하림 밥싸먹는 닭가슴살 슬라이스햄 43g,햄/소시지(통조림/병제외)
바이오믹스 밀가루대신 100% 아몬드 파우더 250g,건식품
SONIGA 황토가마에 구운 아몬드 500g,건식품
쵸코크런치아몬드 28g,건식품
설악골 황태채 300g,건포류
배즙숙성 숯불구이맛후랑크 70g,햄/소시지(통조림/병제외)
Golden Peach (골든피치) 240g,농산물통조림/병
롯데 햄 카슬러 350g,햄/소시지(통조림/병제외)
복음자리 밤단팥 850g,농산물통조림/병
오물조물얌얌 새우멸치파래돌김자반 45g,해조류
LOTTE FOODS 파인애플 슬라이스 3050g,농산물통조림/병
POPKIM (팝김)새우 멸치 김자반 55g,해조류
국물용멸치 500g,건포류
프레시안 샌드위치햄 300g,햄/소시지(통조림/병제외)
사조로하이고등어 400g,수산물통조림/병
사조안심 새콤발사믹 닭가슴살 110g,조미육가공
성경 올리브유&녹차 청솔김 75g,해조류
Tom's Farm 1982 허니버터브라질넛,건식품
샘표 우리엄마 쇠고기 장조림 110g,축산물통조림/병
풀무원 블랙김샌드 현미 20g,해조류
우리바다 자연식품 쥐치손채 500g,건포류
기름에 굽지 않은 순살코기 쥐포구이 320g,건포류
Armella 아멜라 헤이즐넛 크림 듀오 350g,농산물통조림/병
머거본 코코넛땅콩 300g,건식품
마우이 어니언 & 갈릭 마카다미아 127g,건식품
잼있는 쨈마을 짜먹는 포도잼 260g,농산물통조림/병
온리프라이스 슬라이스햄 120g,햄/소시지(통조림/병제외)
Tom's 군옥수수맛아몬드 150 g,건식품
청정원 참작 참작 슬라이스햄 200g,햄/소시지(통조림/병제외)
하루의 쉼표... 맥반석오징어 27g,건포류
생채움 재래김 45g,해조류
청정원 그린올리브 220g,농산물통조림/병
베베쿡 처음 먹는 어린이 김 양파 15g,해조류
골드 파인애플 슬라이스 3060g,농산물통조림/병
동원참치 김치찌개용 300g (100g x 3캔),수산물통조림/병
바다건해 여수멸치 볶음조림용 300g,건포류
청정원 후르츠잼 370g,농산물통조림/병
해광종합식품 조미명태어포 400g,건포류
아워홈 매콤한 칠리 닭가슴살 110 g,조미육가공
대림선 휠터치 240g,햄/소시지(통조림/병제외)
오뚜기 꽁치 강된장조림 280g,수산물통조림/병
건국햄 떡갈비맛햄 500g,햄/소시지(통조림/병제외)
맥반석 오징어채 130g,건포류
온리 프라이스 온리프라이스 국내산 쇠고기 육포 70g,조미육가공
초이스엘 스위트콘 340g,농산물통조림/병
파래돌자반1/2 110~150g,해조류
리얼육포 200g,조미육가공
동원 깻잎 매콤한 맛 70g,농산물통조림/병
유동 자연산 골뱅이 400g,수산물통조림/병
CJ알래스카연어 알래스카연어 고소한 현미유 405g,수산물통조림/병
해표 기장미역 100g,해조류
씨제이제일제당 계절어보 바로먹는 매운큰꼬막 120g,수산물통조림/병
한성기업 숯불갈비맛김밥햄 100g,햄/소시지(통조림/병제외)
존쿡 델리미트 피스타치오 포크 미트로프 180g,햄/소시지(통조림/병제외)
생태로 말린 황태채 340g,건포류
농협 황태대가리 450g,건포류
유가원 유기농 호두반 하루견과 140g,건식품
Kandy's 캔딜라스 스테비아 코르넬리안 체리잼 370g,농산물통조림/병
사조 치킨경단 골드 120g,햄/소시지(통조림/병제외)
진양 죽순통조림 2 3000g,농산물통조림/병
군옥수수맛아몬드 180g,건식품
JinJu Food 꽃오징어 150g,건포류
주전부리 대패오징어 180g,건포류
CJ 맥스봉 치즈후랑크 70g,햄/소시지(통조림/병제외)
스리 카야 425g,농산물통조림/병
비비고 직화구이김 100g,해조류
아워홈 고추장삼겹살 160g,조미육가공
스팸클래식+스팸마일드 1200g,축산물통조림/병
머거본 국내산 쇠고기 육포,조미육가공
"팥모아빙수팥골드 3,000g",농산물통조림/병
부드러운양념육포매운맛 45g,조미육가공
플러프 마쉬멜로 바닐라향 213g,농산물통조림/병
편강 100g,건식품
DONGWON 동원 로테부어스첸 720 g,햄/소시지(통조림/병제외)
SMUCKER'S 스머커스 딸기잼 336g (14g x 24개입),농산물통조림/병
CJ The 더건강한 그릴비엔나 280g,햄/소시지(통조림/병제외)
해맑은 뿌리다시마 400g,해조류
다향 부산식 오리주물럭 500g,조미육가공
의성마늘 로스팜,축산물통조림/병
잼있는 쨈마을 짜먹는 딸기잼 260g,농산물통조림/병
사조 런천미트쿡 1810g,축산물통조림/병
기장미역 100g,해조류
오뚜기 가벼운 참치 더마일드 200g,수산물통조림/병
엉클베리 하우스 떠먹는 블루베리잼 220g,농산물통조림/병
GRACELAND FRUIT 건조 체리 200g,건식품
Green Nut 허니버터와아몬드아이들 30g,건식품
사조안심 직화닭가슴살 마일드 100g,조미육가공
아이배냇 꼬마 짜먹는 딸기잼 130g,농산물통조림/병
런천미트 200g,축산물통조림/병
안단 저칼로리 딸기 콩포트 220g,농산물통조림/병
자연주의 100% 유기무화과잼 400g,농산물통조림/병
동원 델립비엔나 1kg,햄/소시지(통조림/병제외)
오뚜기 딸기쨈 500g,농산물통조림/병
유동 꽁치보일드 400g,수산물통조림/병
좋은세상 볶음땅콩(대) 800g,건식품
하루의 쉼표... 오징어 굿다리 35g,건포류
정화 왕다리 오징어 27g,건포류
경산 대추칩 80g,건식품
한아담식품 광천미스 김자반 500g,해조류
엔네이처 부드러운프랑크 192g,햄/소시지(통조림/병제외)
하루견과 블루베리 250 g,건식품
사조로하이고등어 400g,수산물통조림/병
한성기업 허니버터빅후랑크 90g,햄/소시지(통조림/병제외)
I'm DAK 바삭바삭 닭가슴살 크런칩 구운갈릭 25g,조미육가공
전통떡갈비맛경단 115g,햄/소시지(통조림/병제외)
농업회사법인정심푸드 체리&바나나 12g,건식품
더(The)건강한 브런치후랑크 오리지널 260g,햄/소시지(통조림/병제외)
국물용.대멸치(300g) 300g,건포류
엔네이처 미니꼬치 225g,햄/소시지(통조림/병제외)
대림선 강황을 먹고자란 오리바베큐 슬라이스 600g,햄/소시지(통조림/병제외)
델리카테센 롯데 바베큐햄 350g,햄/소시지(통조림/병제외)
동원 화끈한 골뱅이 140g,수산물통조림/병
한성기업 각잡다 500g,햄/소시지(통조림/병제외)
DONGWON 동원 바른오리 훈제불고기 슬라이스 300g,조미육가공
오뚜기 살코기 마일드참치 원조 150g,수산물통조림/병
신통씨푸드 동해안 소프트 반건조오징어 1미 90g,건포류
BLUE DIAMOND ALMONDS 아몬드 코코넛 믹스 20g,건식품
청정원 후르츠쨈 280g,농산물통조림/병
ONLY PRICE 참나무로 훈연한 베이컨 100g,햄/소시지(통조림/병제외)
한성기업 마늘후랑크 150g,햄/소시지(통조림/병제외)
동원참치살코기 150g x 7캔+쿡담,수산물통조림/병
공용) 별빛팡팡 아몬드 500g(25g×20개),건식품
황태포 75g,건포류
프레시안 The건강한 의성마늘햄 160g,햄/소시지(통조림/병제외)
THAI heritage 타이 헤리티지 코코넛 밀크 400ml,농산물통조림/병
식자재왕다되는소시지(숯불갈비맛) 1kg,햄/소시지(통조림/병제외)
리치스 슬라이스 블랙 올리브 405g,농산물통조림/병
그릭슈바인 육즙가득 부어스트 스모크 504g,햄/소시지(통조림/병제외)
DAESANG 청정원 바로eat 안주야 먹태열풍 매콤불닭맛 25g,건포류
Gahyeon 가현김자반 오리지널 15g,해조류
JoyWell 황도ㆍ백도ㆍ망고 기프트세트 1035g (345g x 3개입),농산물통조림/병
오뚜기 김치찌개용참치 150g,수산물통조림/병
동원 포차골뱅이 (간장) 100g,수산물통조림/병
Tom's Farm 1982 복숭아맛아몬드,건식품
오희숙 전통부각 우엉부각,건식품
CIRIO 믹스 베리 엑스트라 잼 400g,농산물통조림/병
하림 하얀속살 닭가슴살 오리지널 110g,햄/소시지(통조림/병제외)
NALLEY 낼리 스위트 스위트&크런치 홀스 680g,농산물통조림/병
간편황태 200g,건포류
닥터넛츠 오리지널뉴 28g,건식품
풀무원 들기름을 섞어 바삭바삭 고소하게 구워낸 재래김 60g,해조류
DRIED FOOD 호두 300g,건식품
달콤하고 맛있는 밤 240 g,건식품
오뚜기햄 후레시 햄 340g,축산물통조림/병
머거본 믹스너트 135g,건식품
Green Nut 그린넛츠 믹스드넛 점보 400g,건식품
한성기업 핫치킨경단 140g,햄/소시지(통조림/병제외)
paleo 연자육,건식품
롯데햄 롯데비엔나 220g,햄/소시지(통조림/병제외)
바다마음 재래돌김 곱창 100매,해조류
BLUE DIAMOND 믹스너트 90g,건식품
롯데햄 의성마늘빅그릴비엔나 300g,햄/소시지(통조림/병제외)
DONGWON 상상 로스트비프 40g,조미육가공
사조참치 사조올리브유참치 100g,수산물통조림/병
바다건해 통영멸치 조림용 150g,건포류
청정원 호밍스 기사식당 돼지불백 400g,조미육가공
Kt Food 구운사차인치 250g,건식품
정화 맥반석오징어 40g,건포류
국산의힘 개야도재래김 100g,해조류
마우나로아 허니 로스티드 마카다미아 127g,건식품
PEACOCK 스모크라운드햄 200g,햄/소시지(통조림/병제외)
코주부 CLASSIC 육포 Mild,조미육가공
동원 그릴리 골든 베이컨 오리지널 420g (140g x 3),조미육가공
팔레오 내츄럴 사차인치 로스팅 시드 240 g,건식품
황태포 80g이상,건포류
365.24 오리지널 육포,조미육가공
camfriends 바이히부어스트 화이트 230g,햄/소시지(통조림/병제외)
Dry&Fish 쫀득한 황태 140 g,건포류
CJ프레시안 더건강한햄(분절햄),햄/소시지(통조림/병제외)
프리미엄 동원 라이트튜나 170g,수산물통조림/병
I love nuts 믹스이벤트 500g,건식품
청정원 런천미트 칼슘플러스 115g,축산물통조림/병
동원 캠핑앤통그릴 동원 캠핑&통그릴 후랑크 500g,햄/소시지(통조림/병제외)
피코크 배 그대로 18g,건식품
청정원 블랙올리브 460g,농산물통조림/병
"스팸클래식 1.42kg (340gX3캔, 200gX2캔)",햄/소시지(통조림/병제외)
춘천 후레쉬닭갈비(순한맛) 1kg,조미육가공
백설 햄스빌 담백한 굿베이컨 160g,조미육가공
Dry&Fish 백진미 오징어 300 g,건포류
Pulmuone 두번 구워 김밥이 더욱 향긋한 김밥김 40g,해조류
오뚜기 살코기 마일드참치 원조 100g,수산물통조림/병
동해안 오리지날 건오징어 1미 65g,건포류
천하장사 더블링참치마요 45g,햄/소시지(통조림/병제외)
청정원 켄터키 소시지 1kg,햄/소시지(통조림/병제외)
머거본 허니솔트믹스넛 160g,건식품
자른미역 100g,해조류
머거본 바질페스토맛아몬드 200g,건식품
정다운 통마늘 근위볶음 350g,조미육가공
스팸 클래식 1020g,축산물통조림/병
사조대림 강황을 먹고자란 오리바베큐 슬라이스 500g,햄/소시지(통조림/병제외)
동표을지로골뱅이 140g,수산물통조림/병
삼포골뱅이 400g,수산물통조림/병
지프 크런치 땅콩버터 454g,농산물통조림/병
하림 매콤 닭가슴살 너비아니 520g,조미육가공
국산볶음땅콩 500g,건식품
초이스 엘 짭조름 고소한 콩자반 80g,농산물통조림/병
치즈케익맛 아몬드 150g,건식품
하인즈 빈즈 칠리 390 g,농산물통조림/병
동표골뱅이,수산물통조림/병
하림웰닭가슴살 135g,축산물통조림/병
피너츠(튀김땅콩) 2kg,건식품
아이배냇 꼬마 짜먹는 무화과잼 130g,농산물통조림/병
오뚜기 런천미트 340g,축산물통조림/병
CJ 계절어보 직화불골뱅이 300g,수산물통조림/병
명작식자재왕베이컨 450g,햄/소시지(통조림/병제외)
하림 무항생제 닭볶음탕용 1kg,조미육가공
샘표 김치찌개용 꽁치 400g,수산물통조림/병
브런치 베리비엔나 360g,햄/소시지(통조림/병제외)
피코크 로즈마리 닭가슴살 140g,햄/소시지(통조림/병제외)
베레타 제노아 슬라이스 85g,햄/소시지(통조림/병제외)
목우촌 원칙을 지키는 프랑크 500g,햄/소시지(통조림/병제외)
생생대추,건식품
로스팜 엔네이처 베이컨 340g,축산물통조림/병
백설햄 백설 비엔나 375g,햄/소시지(통조림/병제외)
FOODZONE 칩멍크 허니버터 아몬드 110g,건식품
건강한 식탁 건고사리 50g,건식품
Andan Jam 안단 저칼로리 블랙베리잼 220g,농산물통조림/병
청정원 참나무로 훈연한 그릴부어스트 480g,햄/소시지(통조림/병제외)
동원 잼이 된 통딸기+잼이 된 통베리 740g,농산물통조림/병
DONGWON 동원참치 김치찌개용 90g,수산물통조림/병
사조오양 케이크소시지 1000g,햄/소시지(통조림/병제외)
브레드가든 건포도 120g,건식품
롯데햄 롯데비엔나 명작 720g,햄/소시지(통조림/병제외)
롯데푸드 롯데햄 갈비맛프랑크 70g,햄/소시지(통조림/병제외)
하이바다 옛날 짚 돌재래김 100매,해조류
해맑음 국물용 멸치 500g,건포류
살호도 140g,건식품
김연구가 박향희 맥반석 손구이 김 28g,해조류
광천김 돌자반 250g,해조류
한성기업 마늘햄 골드 140g,햄/소시지(통조림/병제외)
복음자리 밀크스프레드 카라멜 230g,농산물통조림/병
SuperJam 슈퍼잼 라즈베리&크랜베리 212g,농산물통조림/병
오뚜기햄 후레시 햄 200g,축산물통조림/병
청정원 참작 참나무 훈연 베이컨 250g,햄/소시지(통조림/병제외)
롯데햄 고추장 고기볶음 95g,축산물통조림/병
사조참치 사조살코기참치 250g,수산물통조림/병
복음자리 마늘버터 스프레드 360g x 3개,농산물통조림/병
상상오징어 치즈맛 40g,건포류
텍사스후랑크 1000g,햄/소시지(통조림/병제외)
해야미 조미쥐치포(참쥐포大) 15장,건포류
Tom's Farm1982 청양마요아몬드 130g,건식품
동원 순닭가슴살 훈제 135g,축산물통조림/병
가현김자반 김치맛 15g,해조류
ALLOS 알로스 유기농 딸기 잼 250g,농산물통조림/병
위앤미 레드비트말랭이 100g,건식품
DRIED FOOD 호두 600g,건식품
큐원 구운캐슈넛 150g,건식품
CJ 맥스봉 불닭구이맛 핫바 90g,햄/소시지(통조림/병제외)
PeterPan PEANUT BUTTER 피터팬 땅콩버터 크런치 462g,농산물통조림/병
넛츠팜 피칸 400g,건식품
유기농순수딸기 15g,건식품
사조감자샐러드참치 600g,수산물통조림/병
오징어숏다리 20g,건포류
ONLY price 깔끔하게 짜먹는 블루베리 잼 550g,농산물통조림/병
아이배냇 꼬마 짜먹는 토마토당근잼 130g,농산물통조림/병
머거본 커피땅콩 60 g,건식품
좋은세상 건조 크랜베리 100g,건식품
Waitrose 피티드 그린 올리브 절임 (PITTED GREEN OLIVE IN BRINE) 340g,농산물통조림/병
동원 병아리콩 400g,농산물통조림/병
유동 뚝배기 번데기탕 얼큰한맛 280 g,수산물통조림/병
복음자리 바로 짜먹는 블루베리잼 100g,농산물통조림/병
오뚜기 딸기쨈 850g,농산물통조림/병
사조참치 사조 살코기참치,수산물통조림/병
오뚜기 딸기쨈 500g,농산물통조림/병
바로선 볶음땅콩분태 1kg(±5g),건식품
롯데햄 키스틱 매콤문어 50g,햄/소시지(통조림/병제외)
CJ제일제당 The 더건강한 의성마늘햄 480g,햄/소시지(통조림/병제외)
롯데햄 엔네이처 빅그릴비엔나 260g,햄/소시지(통조림/병제외)
건강한입 볶음땅콩 200g,건식품
몽골리안 소이소스 통다리 140g,조미육가공
한옥남 채썰은 미역귀 100g,해조류
만전김 만전재래김 100g (5g x 20봉),해조류
목우촌 뽀로로와 친구들 프랑크 소시지 430g (215g x 2개),햄/소시지(통조림/병제외)
구운다시마 40g,해조류
델립 숯불구이맛 김밥햄 120g,햄/소시지(통조림/병제외)
이미지 아침에 건져올린 기장실미역 70g,해조류
양반김 올리브유김 40g,해조류
머거본 불닭볶음아몬드 210g,건식품
성호물산(주) 영일만친구오징어 4미 220g,건포류
건블루베리 120g,건식품
사조연어 사조 고추연어 안심따개 405g,수산물통조림/병
펭귄꽁치 1880g,수산물통조림/병
아몬드슬라이스 700 g,건식품
샘표 질러 스위트 빠다 간장쓰 30g,조미육가공
샘표 바로먹는 꽁치 풋고추 조림 280g,수산물통조림/병
상하농원 롤 비엔나 120g,햄/소시지(통조림/병제외)
연합식품 목이버섯 15g,건식품
썬넛 피에스타믹스넛 2200g,건식품
DONGWOONONGSAN 건블루베리 400g,건식품
NUTOLOGY 건자두 700g,건식품
"안주왕 칵테일스낵 1,000g",건식품
가림 사과잼 3kg,농산물통조림/병
"델몬트 피에스타 후르츠 칵테일 3,062g",농산물통조림/병
청정원 사과쨈 470g,농산물통조림/병
동원 고추참치 150g,수산물통조림/병
맛드림 흑마늘힐링덕 400g,조미육가공
참프레 산야초발효숙성 오리훈제슬라이스 1kg,햄/소시지(통조림/병제외)
동아수산 국물용멸치 300g,건포류
복음자리 45도 과일잼 망고 350g,농산물통조림/병
동원알래스카연어 매운고추 135g,수산물통조림/병
복음자리 Chestnut Spread 245g,농산물통조림/병
강고집 맛있꾼먹태 와사비마요맛 30g,건포류
오뚜기 블루베리쨈 120g,농산물통조림/병
지도표 재래식 성경 식탁김 64g,해조류
은어포 150g,건포류
이영숙 푸드 이영숙 골드키위잼 200g,농산물통조림/병
CJ제일제당 햄스빌베이컨 메이플시럽 330g,햄/소시지(통조림/병제외)
하림 통살 살코기 닭가슴살 435g,축산물통조림/병
YOUGAONE 유기농 구운 피스타치오 145g,건식품
머거본 불타는 칼몬드 90g,건식품
사조연어 사조 고추 연어 405g,수산물통조림/병
성호물산 동해안 반건 오징어 285g,건포류
건포도 150g,건식품
건파인애플 120g,건식품
사조 안심따개 살코기참치 85g,수산물통조림/병
볶음조리용 멸치 1kg,건포류
설성목장 한우 육포 50g,조미육가공
베베쿡 처음 먹는 어린이김 당근 15g,해조류
복음자리 라따뚜이 망고&커리 100g,농산물통조림/병
구마구마해 57 g,건식품
해표 곱창돌김 25g,해조류
제뉴인 크랩 영덕 게살장 90g,수산물통조림/병
RICHFARM 카카오닙스 220 g,건식품
DRIED FOOD 볶음헤이즐넛 300g,건식품
대천김 왕가김 김자반볶음 70g,해조류
정화 불고기통오징어 50g,건포류
아워홈 오븐닭구이 160g,조미육가공
빅후랑크 청양고추 90g,햄/소시지(통조림/병제외)
주부9단 옹기종기베이컨 200g,햄/소시지(통조림/병제외)
동원참치샐러드(고소한맛) 100g,수산물통조림/병
하림 참맛후랑크 150g,햄/소시지(통조림/병제외)
죽염 명품 돌김 64g,해조류
Dry & Fish 페스츄리오징어 200 g,건포류
믹스너트 1kg,건식품
JOHNCOOK DELI MEATS 세인트루이스 립 텍사스 스타일 800g,조미육가공
머거본 오감찬미(味) 믹스파티 800g,건식품
제대로 만든 그릴 후랑크 소시지 420g,햄/소시지(통조림/병제외)
청정원 참나무 훈연 고소한 두툼비엔나 300g,햄/소시지(통조림/병제외)
Camfriends 오리지널베이컨 200g,햄/소시지(통조림/병제외)
MOMA 커피맛땅콩 1kg,건식품
머거본 너트프라자 270g,건식품
오뚜기 스위트콘 198g,농산물통조림/병
올반 옛날통닭 2마리 770g (385g x 2개입),조미육가공
캠프렌즈 비바크비센 75g,햄/소시지(통조림/병제외)
동원참치 라이트스탠다드 100g,수산물통조림/병
CJ The 더건강한 부드러운 닭가슴살 직화스테이크 100g,햄/소시지(통조림/병제외)
코주부 징기스칸 육포 매운맛,조미육가공
JOHNSONVILLE 오리지날스모크소시지 396g,햄/소시지(통조림/병제외)
Fisher 로스티드 솔티드 피넛 140g,건식품
복음자리 라따뚜이 망고&커리 280g,농산물통조림/병
노브랜드 딸기잼 800g,농산물통조림/병
구운골뱅이 400g,수산물통조림/병
리얼밀 참나무 훈제 닭다리 170g,햄/소시지(통조림/병제외)
달구벌 즉석 소막창 300g,조미육가공
좋은세상 오징어(슬라이스) 100g,건포류
CJ명가김파래김 40g,해조류
"뉴잉글랜드 초리조 슬라이스 85g, 3OZ",햄/소시지(통조림/병제외)
동원참치 400g,수산물통조림/병
콘소르시오 튜나 필렛 195g,수산물통조림/병
해초랑 구운 재래 돌김 50g,해조류
이마트 캘리포니아 화살오징어 60g,건포류
동원 EPA꽁치 400g,수산물통조림/병
우리애들 어린미역 20g,해조류
프레시안 더(The) 건강한 햄 의성마늘 540g,햄/소시지(통조림/병제외)
EAT EMOTION 버터구이 먹태 100g,건포류
사조 安心(안심)팜 델리쿡 1.81kg,축산물통조림/병
목우촌 원칙을 지키는 허니 오리훈제 슬라이스 400g,햄/소시지(통조림/병제외)
쥐포愛반하다 쥐치포 300 g,건포류
Espuna 살라미(SALAMI EXTRA) 100g,햄/소시지(통조림/병제외)
해마루오이피클 3kg,농산물통조림/병
복음자리 바로 짜먹는 딸기잼 100g,농산물통조림/병
황태채 400g,건포류
롯데햄 로스팜 엔네이처 마일드 120g,축산물통조림/병
좋은세상 프리미엄 믹스윗 2 500g,건식품
오희숙전통부각 찹쌀 다시마 부각 30g,해조류
동원 껍질벗긴 알감자 400g,농산물통조림/병
기장명품미역 100g,해조류
리치스 블랙 올리브 405g,농산물통조림/병
큐원 땅콩분태 130g,건식품
한성기업 통통소세지 1kg,햄/소시지(통조림/병제외)
Fisher 피셔 버터토피 피넛 156g,건식품
알래스카연어 깔끔하게 매운 맛 135g,수산물통조림/병
식자재왕 스모크장각 650g,햄/소시지(통조림/병제외)
한산애 갈근(칡뿌리),건식품
리챔 오리지널 200g,축산물통조림/병
흑후추 아귀구이 26g,건포류
기장다시마 100g,해조류
Green Nut 로스티드&솔티드 캐슈너트 200g,건식품
청해명가 황태채 100g,건포류
라면에 넣어먹는 동원라면참치 얼큰한 고추참치 65g,수산물통조림/병
땅콩버터구이오징어 250g,건포류
용대황태연합단대륭영농조합법인 골든황태(포) 70g,건포류
오뚜기 옛날 자른미역 80g,해조류
그린너트 와사비와 아몬드 아이들 180g,건식품
paste it 페이스트 잇 커스타드 160g,농산물통조림/병
샘표 질러 이 맛에 반하지 마라육포 30 g,조미육가공
해표 더 고소한 김 파래김 64g (4g x 16봉),해조류
카카오크런치믹스넛,건식품
PEACOCK 달콤 아몬드 210 g,건식품
[홈플러스]아이배냇 유기농 보들김 4g/ 9봉,해조류
존쿡 프로슈토 50g,햄/소시지(통조림/병제외)
롯데햄 베이컨,조미육가공
"GLOBAL CHOICE 베이크드빈스 인 토마토 소스[강남콩 51 %, 토마토퓨레 25 % 함유] 420g",농산물통조림/병
유동 황도 슬라이스 400g,농산물통조림/병
백설햄 백설불고기맛햄 285g,햄/소시지(통조림/병제외)
사조참치 사조뱃살참치 450g,수산물통조림/병
동원 꽁치 김치조림 280g,수산물통조림/병
동원참치 스낵참치 고소마요 100g,수산물통조림/병
PEACOCK 사과 담은 버터잼 350g,농산물통조림/병
매콤한오징어숏다리 20g,건포류
식자재왕켄터키후랑크소시지 1kg,햄/소시지(통조림/병제외)
델립 와인갈릭비엔나 600g,햄/소시지(통조림/병제외)
동원참치 라이트스탠다드 + 고추참치 800g (라이트스탠다드 400g + 고추참치 400g),수산물통조림/병
HUANG FEI HONG 마라땅콩 210g,건식품
왕다리오징어 120g,건포류
육공방 줄줄이 비엔나 스노우 260g,햄/소시지(통조림/병제외)
CJ 스팸 리치치즈 300g,축산물통조림/병
황토가마에 구운멸치(볶음용멸치-가이리),건포류
대림선 소스에꼬쳐바 할라페뇨토마토 90g,햄/소시지(통조림/병제외)
샘표 꽁치 400g,수산물통조림/병
뉴 하루견과 600g,건식품
Sunnuts 하루견과 250g,건식품
건포도,건식품
프레시안 더(THE) 건강한 베이컨스테이크 400g,햄/소시지(통조림/병제외)
cj 제일제당 The더건강한햄치즈 1020g,축산물통조림/병
Sunnuts 어쏠티드 믹스 650g,건식품
Dry&Fish 바삭한 황태 105 g,건포류
박향희카레김자반 60G,해조류
Dry&Fish 콩으로 맛을 낸 촉촉한 먹태 150g,건포류
한성기업 프리미엄 스모크 600g,햄/소시지(통조림/병제외)
오뗄 장작통삼겹 500g,햄/소시지(통조림/병제외)
양송이(슬라이스) 2840g,농산물통조림/병
바로선 꿀땅콩 1kg(±5g),건식품
샘표 우리엄마 우엉조림 70g,농산물통조림/병
동원 쇠고기 육포 50g,조미육가공
볶음땅콩 3.75KG,건식품
Green Nut 허니버터와아몬드아이들 180g,건식품
오뚜기 황도 800g,농산물통조림/병
바다한입 참진미 100g,건포류
롯데햄 의성마늘 베이컨 80g,햄/소시지(통조림/병제외)
잼이된과일 잼이 된 통베리 370g,농산물통조림/병
맛있는 풍경 유기농 과일요거트 40g,건식품
찢어놓은 먹태구이 180g,건포류
목우촌햄 뚝심 1360g,축산물통조림/병
롯데푸드 자연산 골뱅이 400g,수산물통조림/병
청정원 우리팜 115g,축산물통조림/병
살코기플러스참치 100g x 3캔+마일드참치 100g x 3캔,수산물통조림/병
BLUE DIAMOND ALMONDS 아몬드 앤초비 믹스 20g,건식품
롯데햄 의성마늘 베이컨 320g,햄/소시지(통조림/병제외)
청정원 오푸드 유기농 블루베리쨈 300g,농산물통조림/병
양반 참숯구이김 72g,해조류
초이스 엘 황도가 맛있다 400g,농산물통조림/병
동원참치 동원 짜장참치 100g,수산물통조림/병
소디프B&F 소디프콘맛소시지 1000g,햄/소시지(통조림/병제외)
사조 찌개전용참치 안심따개 405g (135g x 3캔),수산물통조림/병
청정원 사브작 큐브 김스낵 멸치&아몬드 30g,해조류
오뚜기 꽁치 280g,수산물통조림/병
동원 파인애플 836g,농산물통조림/병
아워홈 후레쉬햄 스파이시 150g,햄/소시지(통조림/병제외)
이마트 제주돼지 햄 340g,축산물통조림/병
해우촌 해남산소리파래김 100 g (20 gx5봉),해조류
햇살품은 파래자반 70g,해조류
까득-치어플 250g,건식품
nuts & berries 허니버터아몬드,건식품
꼬꼬마 김밥김 18g (6g x 3ea),해조류
바다가치 미역줄기 800g,해조류
박향희새우파래김자반 60G,해조류
진주햄 미니치즈소시지 414g,햄/소시지(통조림/병제외)
동원 리얼 밀크&쿠키 스프레드 230g,농산물통조림/병
Tom's Farm 1982 허니버터아몬드 30g,건식품
롯데햄 그릴프랑크 브라운 500g,햄/소시지(통조림/병제외)
Cwood 간편 김자반 20g,해조류
소문난삼부자 광천 파래도시락김 64g (4g x 16봉),해조류
사조 안심 훈제닭가슴살 135g,축산물통조림/병
조림용.중멸치(1kg) 1kg,건포류
주부9단 프랑크소시지 230g,햄/소시지(통조림/병제외)
맥반석구이오징어 150g,건포류
노브랜드 담백한 살코기참치 90g,수산물통조림/병
백진미오징어 400g,건포류
Dry&Fish 홍진미오징어 200 g,건포류
풀무원 노을해심 30g [10g(전장 5매) x 3봉],해조류
삼아 베이크드빈 2600g(고형량:1560g),농산물통조림/병
TAESAN 딱!좋아 광천김 4g,해조류
건자두 50g,건식품
건강한 마늘을 담은 정다운 훈제오리 500 g,조미육가공
플러프 마쉬멜로 인공 스트로베리향 213g,농산물통조림/병
청정원 런천미트 1.8kg,축산물통조림/병
오물조물얌얌 밥 한 공기 자반(새우멸치) 12g,해조류
다시마해초샐러드 300g,해조류
바나나맛아몬드 210g,건식품
청정원 후르츠쨈 470g,농산물통조림/병
백설 양념후랑크 120g,햄/소시지(통조림/병제외)
DONGWON 동원 자연산 꼬막&새송이 280 g,수산물통조림/병
DURKEE MOWER 플러프 마쉬멜로 바닐라향 213g,농산물통조림/병
Dole 감귤 666g,농산물통조림/병
한성기업 톡톡 콘후랑크바 80g,햄/소시지(통조림/병제외)
델몬트 피에스타 트로피칼후르츠믹스 850g,농산물통조림/병
동원참치 살코기 2캔,수산물통조림/병
존쿡 델리미트 캠핑치즈소시지 720g,햄/소시지(통조림/병제외)
ZUEGG 블랙베리 쨈 320g,농산물통조림/병
유가원 유기농 BBQ 아몬드 100g,건식품
CUBE N&F 카카오닙스 300g,건식품
오뚜기 아임스틱 쨈 사과 1000g (20 gX50개),농산물통조림/병
(이마트)구운양태포채150g,건포류
밥달라스 아마씨로 볶은 파래돌김자반 50g,해조류
동원 우유로 재워 부드러운 리챔 600g,축산물통조림/병
nuts & berries 허니버터아몬드,건식품
오븐에 구워 바삭한 먹태 45g,건포류
골드 황도 슬라이스 410g,농산물통조림/병
백설 오리지널 비엔나 300g,햄/소시지(통조림/병제외)
ZUEGG 딸기 쨈 320g,농산물통조림/병
I'm DAK 닭가슴살 꾸이칩 스파이시 30g,조미육가공
카카오닙스 200g,건식품
하림 자연실록닭가슴살 405g,축산물통조림/병
한성기업 켄터키후랑크H 1kg,햄/소시지(통조림/병제외)
북어채 150g,건포류
존쿡 치킨에 반한 치즈 코코넛 195g,햄/소시지(통조림/병제외)
볶음캐슈넛 150g,건식품
정화식품 맥반석 오징어 150g,건포류
죽순통조림 2 400g,농산물통조림/병
오뗄 오팜 500g,햄/소시지(통조림/병제외)
소문난삼부자 재래김 60g,해조류
한옥남 잎만 모아 말린 찐톳 180g,해조류
FOODZONE 칩멍크 허니버터 믹스넛 130g,건식품
경성 반건조 첫사랑 군고구마 65g,건식품
구운오다리,건포류
웰푸드 코다리 4/14 900g,건포류
해맑은 2번씻은 매생이 6g,건식품
코코넛밀크 400ml,농산물통조림/병
구운골뱅이 140g,수산물통조림/병
목우촌 프라임 불에구운떡갈비맛햄 180g,햄/소시지(통조림/병제외)
CJ 스팸 25% 라이트 300g,축산물통조림/병
북어포.中 45g,건포류
SEA U AGAIN 쇠미역 600g,해조류
롯데햄 라퀴진 롱에센뽀득 290g,햄/소시지(통조림/병제외)
생김가루(500g) 500g,해조류
롯데햄 로스팜 엔네이처 마일드 200g,축산물통조림/병
사조참치 사조고추참치 안심따개 450g,수산물통조림/병
목우촌 주부9단직화구이햄 180g,햄/소시지(통조림/병제외)
청정원 올리브유 파래김 18.4g,해조류
청정원 유기농 딸기쨈 300g,농산물통조림/병
Fisher 허니 로스티드 피넛 140g,건식품
JOVY'S 조비스 캐슈넛 80g,건식품
원효F&P 신락교 3KG,농산물통조림/병
청정원 리치부어스트 칼집 비엔나 300 g,햄/소시지(통조림/병제외)
동원 잼이 된 통딸기+잼이 된 통베리 740g,농산물통조림/병
PEACOCK 쟌스빌 피캠 아메리칸 200g,축산물통조림/병
닥터넛츠 오리지널뉴 840g,건식품
Tom's Farm 1982 허니버터아몬드 130g,건식품
동원 순 닭가슴살 405g,축산물통조림/병
안동식찜닭,조미육가공
함평천지 함평 나비골 건무화과 Green sliced figs 100g,건식품
바로먹쿡 동결건조 대파 30g,건식품
동원 포차참치 베이컨김치볶음 100g,수산물통조림/병
가현김 64g / 4g x 16봉,해조류
머거본 피시 비스킷 와퍼롤 김깨어포 꾸이퍼롤 120g,건포류
EAT EMOTION 오징어 굿다리 90g,건포류
딸기 쨈 (ZUEGG FRAGOLE CONFETTURA EXTRA) 320g,농산물통조림/병
열매누리 건자두(프룬) 200g,건식품
Samlip 삼립 치즈킹 소시지 60g,햄/소시지(통조림/병제외)
CIRIO 블루베리 엑스트라 잼 280 g,농산물통조림/병
우물우물 롱다리 오징어 160g,건포류
No Brand 크리스피 로즈마리 땅콩 330 g,건식품
목우촌 주부9단 옹기종기베이컨 400g,햄/소시지(통조림/병제외)
신세계푸드 올반키친 슈퍼크런치 치킨텐더 1kg,조미육가공
청정원 롱후랑크 160g,햄/소시지(통조림/병제외)
이마트 반으로 자른 부드러운 황도 400g,농산물통조림/병
CJ The 더건강한 부드러운 닭가슴살 소시지 120g,햄/소시지(통조림/병제외)
풀무원 말랑 망고&고구마 50g,건식품
돌 트로피칼 후르츠칵테일 2592g (432g x 6캔),농산물통조림/병
하루견과 블루베리 250g,건식품
동아수산 볶음용 멸치 500g,건포류
김연구가 박향희 전통김 80g (4g x 20봉),해조류
SEA U AGAIN 미역줄기 600g,해조류
해말린 황태포 90g,건포류
아워홈 부드럽고 연한 닭가슴살 130g,햄/소시지(통조림/병제외)
PLANTERS 플랜터스 드라이 로스트 피넛 453g,건식품
올품 무항생제 닭다리살(정육) 600g,조미육가공
CJ알래스카연어 알래스카연어 마요연어 100g,수산물통조림/병
하림 밥싸먹는 닭가슴살 슬라이스햄 129g,햄/소시지(통조림/병제외)
오트리 위아더넛츠 20g,건식품
굿모닝너츠 실속믹스너트 800g,건식품
하림 닭가슴살 바 블랙페퍼 80g,조미육가공
봉지미역 100g,해조류
농업회사법인정심푸드 사과&블루베리 동결건조스낵 12g,건식품
바나나칩 300g,건식품
해표 더 고소한 김가루 400g,해조류
홍대감 국내산 쇠고기 육포 150g,조미육가공
MACKAYS 맥케이진저쨈 340g,농산물통조림/병
아워홈 부드럽고 연한 닭가슴살 110 g,조미육가공
열매누리 건파인애플슬라이스 170g,건식품
청정원 석쇠구이 김밥속햄 200g,햄/소시지(통조림/병제외)
잼있는 쨈마을 짜먹는 포도잼 260g,농산물통조림/병
ALLOS 알로스 유기농 라즈베리 잼 250g,농산물통조림/병
동원 포차참치 소시지야채볶음,수산물통조림/병
뉴스모크비엔나 1kg,햄/소시지(통조림/병제외)
이마트 맛있는 소시지 오리지널 160g,햄/소시지(통조림/병제외)
들기름을 섞어 바삭바삭 고소하게 구워낸 재래김 40g (전장 10매) x 2봉,해조류
구운아몬드 300g,건식품
JinJu Food 오징어 긴다리 100g,건포류
GENTLE MATTO 슬림모어 사과칩 20g,건식품
신화에프에스 미니오징어다리 120g (20g X 6봉),건포류
Yorihada 요리하다 빅그릴 후랑크 360g,햄/소시지(통조림/병제외)
복음자리 45도 과일잼 딸기 350g,농산물통조림/병
나라 허니버터아몬드 180g,건식품
화풍 스위트 크림 스타일 옥수수 400g,농산물통조림/병
정화 삼색 오징어 45g,건포류
건한치(마른화살오징어) 200g,건포류
풀무원 노을해심 36g (노을해심 12g (3g x 4봉) + 간장양념장 24g (6g X 4봉)),해조류
알래스카연어 알래스카 연어 건강한 올리브유 100g,수산물통조림/병
쓰리스푼 귤 파인애플잼 200 g,농산물통조림/병
Bonne Maman 본마망 딸기잼 370g,농산물통조림/병
꿀땅콩 170g,건식품
OTTO 허니 로스트 피넛 198g,건식품
백설햄 숯불김밥햄 110g,햄/소시지(통조림/병제외)
엔네이쳐 엔네이처 무안양파햄 390g,햄/소시지(통조림/병제외)
쉐프솔루션 육질쫀득 후랑크 1000g,햄/소시지(통조림/병제외)
하림 무항생제 가슴살 400 g,조미육가공
촉촉! 왕다리 200g,건포류
삼포 푸드마크 국내산 여수 새꼬막 230g,수산물통조림/병
상하농원 사과잼 500g,농산물통조림/병
쥐치포 200g,건포류
DRY&FISH 구운쥐포채 200g,건포류
Organic Story 유기농 새싹김 20g,해조류
Hartley's 하틀리 블루베리 잼 340g,농산물통조림/병
한터식품 재미인잼 아로니아베리 250g,농산물통조림/병
갈비맛후랑크 70g,햄/소시지(통조림/병제외)
samlip 육식본능 비빔제육볶음 360g(120g X 3개입),조미육가공
사조산업 찌개전용참치 135g x 4캔,수산물통조림/병
다정나눔 두절새우.소(100g) 100g,건포류
디벨라 홀 토마토 통조림 400g,농산물통조림/병
유기농구운아몬드 180g,건식품
이영숙 푸드 이영숙 무화과잼 200g,농산물통조림/병
광천해저올리브김 48g,해조류
오징어 훈제 치즈퐁뒤 36g,건포류
롯데햄 장조림 95g,축산물통조림/병
No Brand 크리미 피넛버터 340g,농산물통조림/병
마카다미아 스타일 2.0 270g,건식품
목우촌 원칙을 지키는 햄 통살슬라이스 90g,햄/소시지(통조림/병제외)
미트라인 양념순살포크 2KG,조미육가공
Bonne Maman 본마망 블루베리잼 370g,농산물통조림/병
백설 장조림 115g,축산물통조림/병
콘킹후랑크소시지 (Corn King Frank Sausage) 454g,햄/소시지(통조림/병제외)
MENZ&GASSER 멘즈앤가써 살구잼 240g,농산물통조림/병
"오뚜기 오뚜기참치빅캔 살코기 1,880 g",수산물통조림/병
김맛아몬드 210g,건식품
Tom's 허니버터아몬드 210g,건식품
백설 그릴후랑크 치즈 600g,햄/소시지(통조림/병제외)
패밀리 믹스넛 650g,건식품
오뚜기 딸기쨈 300g,농산물통조림/병
동해안 반건 오징어 260g,건포류
농협 통황태 1마리,건포류
풀무원 간편한 미역국거리 미역,해조류
강릉상회 동해안 건오징어 2미 120g,건포류
펭귄배꼽골뱅이가미 400g,수산물통조림/병
타오케노이 크리스피 씨위드 오리지널 32g,해조류
황토가마에 구운멸치 (조림용멸치) 300g,건포류
한터식품 재미인잼 스트로베리 250g,농산물통조림/병
사조안심 닭가슴살 훈제 100g,조미육가공
덴마크햄 덴마크 화이트후랑크 500g,햄/소시지(통조림/병제외)
바다드림 건청각 50g,해조류
MOIST POLLACK 콩으로 맛을 낸 촉촉한 먹태 195g,건포류
신선어람 어포스 클래식 23g,건포류
치즈부어스첸 255g,햄/소시지(통조림/병제외)
동원 통그릴햄 동원 통그릴김밥햄 치즈쏙쏙 300g,햄/소시지(통조림/병제외)
오케이 쿡 OK COOK 후랑크소시지 450g,햄/소시지(통조림/병제외)
이호재 유기농 블루잼 165g,농산물통조림/병
롯데햄 에센 브런치 비엔나 오리지널 180g,햄/소시지(통조림/병제외)
청정원 사과쨈 280g,농산물통조림/병
동강마루 황태채 200g,건포류
유기농 우리아이김,해조류
백설 로스트햄 1kg,햄/소시지(통조림/병제외)
"조선호텔 깐풍기 370g (깐풍기 250g, 깐풍기소스 120g)",조미육가공
롯데햄 라 퀴진 볼함박 크림치즈 228g,조미육가공
해우촌 돌김자반 100g (50 g + 50 g),해조류
이천사물산 손질먹태 145g,건포류
초원의 집 칼슘왕 맛멸치 15g,건포류
청정원 NEW(뉴)스모크 1kg,햄/소시지(통조림/병제외)
화풍 초고버섯 홀 400g,농산물통조림/병
촉촉 고구마스틱 20g,건식품
샹.달프 금귤잼 170g,농산물통조림/병
국산볶음땅콩 500g,건식품
동원 비프치즈 50g,조미육가공
롯데햄 키스틱 모짜렐라 50g,햄/소시지(통조림/병제외)
사조 한돈 그릴 비엔나 350g,햄/소시지(통조림/병제외)
아워홈 닭가슴살맛 바(콘) 65g,햄/소시지(통조림/병제외)
질러 갈릭바베큐 육포 70g,조미육가공
Tom's Farm 1982 쿠키앤크림 아몬드 150 g,건식품
아름찬 달콤밤 150g(50g x 3개입),건식품
동우농산 실속믹스넛 600g,건식품
해왕 조림용.중멸치 300g,건포류
델립 숯불구이맛 김밥햄 100g,햄/소시지(통조림/병제외)
백설 그릴후랑크 480g (240g x 2개),햄/소시지(통조림/병제외)
프레시안 브런치후랑크오리지널 260g,햄/소시지(통조림/병제외)
노브랜드 황다랑어로 만든 고추참치 450g,수산물통조림/병
프레시안 브랏비엔나 720g,햄/소시지(통조림/병제외)
노브랜드 살코기참치 450g,수산물통조림/병
하림 밥에 비벼먹는 닭고기 볶음 135g,축산물통조림/병
Tom's Farm 1982 카라멜솔티드땅콩앤프레첼 120g,건식품
Taylor 말린 살구 145g,건식품
코주부 햄 바이트 40g,햄/소시지(통조림/병제외)
샘표 질러 빠다콘쓰 30g 30g,조미육가공
스팸 클래식 싱글 80 g,햄/소시지(통조림/병제외)
하림 닭가슴살 소시지 오리지널 120g,햄/소시지(통조림/병제외)
풀무원 말랑 망고&고구마 50g,건식품
동원 더참치 고소한쌈,수산물통조림/병
SMOKEDELI 훈제삼겹 500g,조미육가공
조이예스 크리미땅콩버터 510g,농산물통조림/병
온리프라이스 고소한 식탁김 20봉,해조류
정화 통오징어숯불다리구이 50g,건포류
존쿡 델리미트 컨츄리베이컨 120 g,조미육가공
미스터콘 미스터 콘 45g,햄/소시지(통조림/병제외)
PEACOCK 5대명산지 갯벌 파래김 5 g X 12봉(60 g),해조류
청정원 들기름 재래김 4.5g,해조류
Andan Jam 안단 저칼로리 딸기잼 220g,농산물통조림/병
다향 열탄불고기 매콤한맛 540g (180g x 3ea),조미육가공
SKIPPY 스키피 땅콩버터-크리미 462g,농산물통조림/병
김밥김 100매,해조류
지도표성경김 지도표재래식성경김 60g,해조류
양반 구운김밥김 40g,해조류
양반 토종 귀한김 9봉 45g,해조류
"Crispconut 와사비맛 코코넛칩스 [코코넛60%,와사비시즈닝분말5%함유] 40g",건식품
햄스빌베이컨 135g,햄/소시지(통조림/병제외)
볶음땅콩 520g,건식품
유기농 건 체리 110g,건식품
사조 통살참치 알바코 100g,수산물통조림/병
대림선 캠프&하우스 그릴비엔나 미니 1000g,햄/소시지(통조림/병제외)
성경김 지도표 재래식 가루김 70g,해조류
바다한입 진미채 200g,건포류
롯데햄터치 600g,햄/소시지(통조림/병제외)
유가원 무항생제 국내산 돼지고기로 만든 유가원햄 200g x 4EA,축산물통조림/병
자연원 파인애플말랭이 50g,건식품
을지로노가리와볶음땅콩,건포류
소교빙수팥 850g,농산물통조림/병
무항생제 닭다리(북채) 400g,조미육가공
라즈베리 쨈 (ZUEGG LAMPONI CONFETTURA EXTRA) 320g,농산물통조림/병
문경미소 오미자김 도시락 120g,해조류
용대황태연합단대륭영농조합법인 골든황태(큐브) 70g,건포류
Bio+ 발투센유기농스위트콘 340g,농산물통조림/병
햇김 파래김(특) 100장,해조류
Tom's Farm 1982 허니버터땅콩 190g,건식품
더 프리미엄 믹스넛 650g,건식품
생 소고기 육포 250g,조미육가공
동원 캠핑&통그릴 부어스트 500g,햄/소시지(통조림/병제외)
동원 매운 고추참치 150g,수산물통조림/병
KC 소문난 광천김 김가루 1kg,해조류
무항생제 카레용 닭고기 300g,조미육가공
소문난삼부자김(식탁) 15g,해조류
CJ The더건강한햄클래식 340g,축산물통조림/병
백설 양념후랑크 145g,햄/소시지(통조림/병제외)
동원 순 닭가슴살 270g,축산물통조림/병
노브랜드 유자마멀레이드 500g,농산물통조림/병
스팸 마일드,햄/소시지(통조림/병제외)
대봉식품 믹스넛점보 1kg,건식품
동원 쿡캔 55레시피 600g,수산물통조림/병
동원 리얼김봉 500g,햄/소시지(통조림/병제외)
좋은세상 견과믹스 800g,건식품
태청F&N 스페셜 넛츠믹스 500g,건식품
하루견과 블루베리 250g,건식품
닥터넛츠 아마존 600g,건식품
DRIED FOOD 알찬 잣 200g,건식품
동원 리챔 트러플 200g x 6개입,축산물통조림/병
DRY&FISH 백진미오징어 300g,건포류
머거본 와사비맛아몬드 200g,건식품
삼육 광천 두번구운 김밥김 40g,해조류
롯데푸드 브런치 소시지 180g,햄/소시지(통조림/병제외)
기프티콘 소시지 40g,햄/소시지(통조림/병제외)
Dongwon 동원스위트콘 2126g(고형량:1730g),농산물통조림/병
질러 저녁7시 빠삭 연어칩 30g,조미육가공
유동 자연산골뱅이 230g,수산물통조림/병
칩멍크 허니버터 아몬드 440g (110g x 4개입),건식품
ACHIM 아침닭가슴살 갈릭맛 100g(오차범위±4.5g),조미육가공
평화나무농장 마늘 소시지 200g,햄/소시지(통조림/병제외)
"안주왕 구운호박씨 1,000g",건식품
큐원 구운 아몬드 170g,건식품
동원 황다랑어 포도씨유참치 300g,수산물통조림/병
질러 치즈품은 비프 100g,조미육가공
대림선 빅불고기햄 500g,햄/소시지(통조림/병제외)
라코스테냐 홀 할라페뇨 페퍼 (LA COSTENA GREEN PICKLED JALAPENO PEPPERS) 440g,농산물통조림/병
OZDAY 오즈데이 볶음 피스타치오 750 320g,건식품
베레타 판세타 슬라이스 85g,햄/소시지(통조림/병제외)
동원 델립 한그릇 뚝딱! 참 맛있는 소시지 마늘맛 160g,햄/소시지(통조림/병제외)
THE 맛있는 녀석들 360g,건식품
DRY&FISH 바른 진미오징어채 200g,건포류
롯데햄 런천미트 200g,축산물통조림/병
"동원참치 라이트스탠다드, 마일드 참치 400g (100g x 4캔)",수산물통조림/병
야자대추 450g,건식품
산과들에 원데이 한줌견과 실버 20g,건식품
동원참치 플러스 135 g,수산물통조림/병
다향 우리땅토종닭 고추장주물럭 800g,조미육가공
씨제이제일제당 참기름으로 구워 향이 고소한 햇바삭김 12g,해조류
풀무원 두번 구워 김밥이 더욱 향긋한 김밥김 20g,해조류
지도표 성경 참돌자반	 500g,해조류
샘표 불닭 볶음 80 g,축산물통조림/병
NICO 이베리코 초리조 슬라이스 100g,햄/소시지(통조림/병제외)
오뚜기 가벼운 참치 야채 100g,수산물통조림/병
SweetHug 인절미 스프레드 250g,농산물통조림/병
The 더건강한 자연에서 얻은 재료로 만든 라운드햄 500g,햄/소시지(통조림/병제외)
자연미각 함초 돌자반 300g,해조류
오뚜기 김치찌개용참치 450g,수산물통조림/병
롯데햄 빅팜,햄/소시지(통조림/병제외)
동원 매운 고추참치 100g,수산물통조림/병
청정원 안주야 홈펍 닭껍질튀김 500g,조미육가공
DONGWON 미니언즈 고추참치 150 g,수산물통조림/병
재미랩 시그니처넛츠 위드 허쉬 20g,건식품
허니비푸드 딸기잼 1000g,농산물통조림/병
좋은세상 파래김 100매,해조류
달인 새우멸치돌김자반볶음 50g,해조류
가현 김자반 김치맛 60g,해조류
펭귄고등어 400g,수산물통조림/병
유기농 사차인치 300g,건식품
샹달프 샹.달프 블루베리잼 284g,농산물통조림/병
사조 마일드참치 안심따개 85g,수산물통조림/병
죽순통조림(Ⅱ) 400g,농산물통조림/병
STONEWALL KITCHEN 스톤월키친 블루베리잼 354g,농산물통조림/병
소금이 전혀 없는 통영굴김 64g,해조류
마리오 오히블랑까 올리브 (MARIO HOJIBLANCA OLIVES) 300g,농산물통조림/병
Tom's 토피넛라떼아몬드 150g,건식품
백설 구이한판 180g,햄/소시지(통조림/병제외)
대림선 본능에 맡기자 오븐구이 한입에 꼬치다 100g,햄/소시지(통조림/병제외)
호두 550g,건식품
PEACOCK 유기농 딸기 담은 잼 350g,농산물통조림/병
HONEST PROJECT 베리믹스너트 200g,건식품
머거본 맛땅콩 55g,건식품
No1 ONE JERKY 우리소 육포 170g,조미육가공
Taylor 테일러 골든 푸룬 200g,건식품
북강릉농업협동조합 NH 다시마 250g,해조류
ONLY price Only Price 깔끔하게 짜먹는 블루베리잼	 550g,농산물통조림/병
헬리오스 라즈베리잼 330g,농산물통조림/병
오리 스테이크 180g,조미육가공
Tom's Farm 1982 와사비맛땅콩 190g,건식품
보리새우 500g,건포류
동원 통통딸기잼 400g,농산물통조림/병
나라통상 볶음아몬드 220g,건식품
요리하다 슬라이스족발 265g,조미육가공
목우촌햄 뚝심 340g,축산물통조림/병
동원참치 동원 마일드참치 150g,수산물통조림/병
알래스카연어 건강한 올리브유 300g,수산물통조림/병
무항생제 닭가슴살 400g,조미육가공
오뚜기 오감포차 고소한 도가니볶음 180g,조미육가공
이싼푸드 쎄이콕 270~300g,햄/소시지(통조림/병제외)
Hero 헤로 블루베리 잼 (HERO BLUEBERRY JAM) 340g,농산물통조림/병
리치스 파인애플 슬라이스 원터치 836g,농산물통조림/병
스팸 클래식 200g,축산물통조림/병
정선 산수유 250g,건식품
열매누리 건망고슬라이스 170g,건식품
동원 스위트콘 2125g (1850g),농산물통조림/병
머거본 허니버터아몬드 35g,건식품
로로떼떼 국산 딸기 100% 딸기칩 10g,건식품
동원참치 동원 마일드참치 100g,수산물통조림/병
MR.BIG 빅 후랑크 90g,햄/소시지(통조림/병제외)
동원 더참치 TO GO 바베큐맛 70g,수산물통조림/병
바로선 허니버터아몬드 220g,건식품
양반 들기름김 40g,해조류
목우촌 제주 돔베팸 200g,축산물통조림/병
쥐치포 240g,건포류
동원 동원참치 큐브 오리지널 160g,수산물통조림/병
사조참치 사조알바코참치 150g,수산물통조림/병
Golden Fruit cocktail (골든후르츠칵테일) 240g,농산물통조림/병
동원 순 닭가슴살 210g,축산물통조림/병
질러 오후3시 피스몬드 70g,건식품
리챔 오리지널,축산물통조림/병
The 더건강한 자연에서 얻은 재료로 만든 그릴후랑크 480g,햄/소시지(통조림/병제외)
씨제이 CJ 제일제당 스팸 클래식 340g_EM,축산물통조림/병
에스앤더블유 프리미엄 홀 토마토 1644g (411g x 4캔),농산물통조림/병
델립불고기비엔나 110g,햄/소시지(통조림/병제외)
Tiptree 팁트리 살구 잼 340g,농산물통조림/병
아이배냇 김자반 오리지널 25g,해조류
동원참치 동원 불고기참치 150g,수산물통조림/병
동아수산 국물용멸치 150g,건포류
아워홈 후레쉬프랑크 포크 260g,햄/소시지(통조림/병제외)
목우촌 프라임 리얼 매콤프랑크 300g,햄/소시지(통조림/병제외)
리챔 오리지널 200g,축산물통조림/병
Fresco 후르츠 칵테일 820g,농산물통조림/병
EAT EMOTION 갈릭버터오징어 110g,건포류
사조참치 사조통살참치 150g,수산물통조림/병
오뚜기 가벼운참치 라이트스탠다드 100g,수산물통조림/병
두레방 볶음김치 120g,농산물통조림/병
오케이쿡 OK COOK 비엔나소시지 420g,햄/소시지(통조림/병제외)
존쿡 델리미트 치킨브레스트 120g,햄/소시지(통조림/병제외)
청정원 우리팜 660g,축산물통조림/병
칼몬드 150g,건식품
오뗄 부대찌개모듬햄 500g,햄/소시지(통조림/병제외)
myung jin 레드체리 375g,농산물통조림/병
The더건강한 자연에서 얻은 재료로 만든 그릴비엔나 400g,햄/소시지(통조림/병제외)
트라피스트 수녀원 100% 유기무화과잼 410g,농산물통조림/병
오뚜기햄 후레시 햄 1020g,축산물통조림/병
복음자리 땅콩버터 크런치 462g,농산물통조림/병
복음자리 원스틱 딸기잼 200g (20g x 10개),농산물통조림/병
오뚜기 살코기 마일드참치 원조 750g,수산물통조림/병
청정원 참나무로 훈연한 살코기햄 1kg,햄/소시지(통조림/병제외)
동원천지인 홍삼절편이 들어가 건강한 견과 300g,건식품
사회적협동조합제주이어도지역자활센터 제주톡바삭한꽃당근 20g,건식품
롯데햄 런천미트 1020g,축산물통조림/병
동원 캠핑&통그릴 두툼베이컨 300g,햄/소시지(통조림/병제외)
바로선 프리미엄 믹스너트 250g (±5g),건식품
건강한입 커피땅콩 200g,건식품
롯데햄 베이컨 140g,햄/소시지(통조림/병제외)
하림 자연실록 닭가슴살 135g,축산물통조림/병
바로선 바나나칩 250g (±5g),건식품
바다한입 참진미 450g,건포류
"안주왕 커피땅콩 1,000g",건식품
오뚜기 황다랑어 고추참치,수산물통조림/병
복음자리 유기농 블루베리잼 340g,농산물통조림/병
INTAKE 홀넛츠바 38g,건식품
쫄깃한편육/새우양념맛믹스,조미육가공
하림 달가슴살 후랑크 600g,조미육가공
Purummam 순수자연 감귤칩 12g,건식품
ALLOS 알로스 유기농 사우어체리 잼 250g,농산물통조림/병
함초소금으로 맛을 낸 김자반 75g,해조류
아워홈 참나무향 그윽한 닭가슴살 130g,조미육가공
먼투썬 2주,건식품
유가원 오븐에 구운 유기농 아몬드 크리스피 60g,건식품
Andan Jam 안단 신선 딸기잼 460g,농산물통조림/병
제임스티스푼 퐁당 과일워터 레몬 25g,건식품
철판구이오징어 130g,건포류
HEINZ 하인즈 빈즈 크리에이션즈 미디엄 살사 칠리 420g,농산물통조림/병
롯데햄 키스틱 치즈터블 500g,햄/소시지(통조림/병제외)
"명가 감태김 혼합1호 (20g x 4봉, 4g x 8봉, 25g x 2캔)",해조류
프레시안 햇바삭김 재래김 15g,해조류
로로떼떼 망고100% 망고칩 10g,건식품
목우촌 프라임 리얼사각햄 150g,햄/소시지(통조림/병제외)
웰니스슁켄 250g,햄/소시지(통조림/병제외)
건강한참치 셀레늄엽산 100g,수산물통조림/병
Lotus 로투스 스프레드 400g,농산물통조림/병
ALLOS 알로스 유기농 자두 잼 250g,농산물통조림/병
머거본 꿀땅콩 135g,건식품
Orkla 스타부르 고등어 스프레드 포션컵 레드 160g (40g x 4ea),농산물통조림/병
롯데햄 에센뽀득 리얼부어스트 빅 360g,햄/소시지(통조림/병제외)
KOKO FARM 메이플 고구마말랭이 60 g,건식품
it's mam 밤이랑 240g,건식품
오뚜기 캐슈넛 35g,건식품
팜덕 다향오리 고향의장맛 오리주물럭 고추장맛 900g,조미육가공
프레시안 더(THE) 건강한 브런치후랑크 오리지널 260g,햄/소시지(통조림/병제외)
양반김 20g,해조류
동원참치 동원키즈참치 100g,수산물통조림/병
델립 불고기햄 600g,햄/소시지(통조림/병제외)
허니버터아몬드 30EA,건식품
하림 닭가슴살 Real 소시지 페퍼 80g,햄/소시지(통조림/병제외)
뚝딱집반찬 오징어실채 80g,건포류
베이키드 빈스(BAKED BEANS) 425g,농산물통조림/병
돌가사리 해초샐러드 2000g,해조류
자연이 준 선물 볶음아몬드 500g,건식품
아임닭 닭가슴살 프랑크 오리지널 120g,햄/소시지(통조림/병제외)
BEBECOOK 한입에 쏙 소고기 육포 30 g,조미육가공
매콤함에 꼬치다 100g,햄/소시지(통조림/병제외)
화과방 우리통팥 850g,농산물통조림/병
청정원 콰트로 치즈 그릴비엔나 600g,햄/소시지(통조림/병제외)
CJ알레스카연어 알래스카연어 마요연어 300g,수산물통조림/병
더(The)건강한 The더건강한베이컨 90g,햄/소시지(통조림/병제외)
동원 명품요리 정찬 안동식찜닭 190g,축산물통조림/병
MENZ&GASSER 멘즈앤가써 포레스트베리잼 240g,농산물통조림/병
SONIGA 황토가마에 구운 아몬드 500g,건식품
오뚜기 살코기 마일드참치 원조 250g,수산물통조림/병
동원 자연산 꽁치 & 고등어 (300g+300g),수산물통조림/병
목우촌햄 뚝심 200g,축산물통조림/병
자주 부드러운버터구이오징어 50g,건포류
CJ 프레시안 The 더건강한 햄 샌드위치햄 100g,햄/소시지(통조림/병제외)
바로선 볶은 검정콩 350g (±5g),건식품
사조 얼리지 않은 생생참치 레귤러 115g,수산물통조림/병
ST. DALFOUR 샹.달프 금귤잼 284g,농산물통조림/병
HBAF 마늘빵아몬드 40g,건식품
다향훈제오리 허브갈릭 500g,조미육가공
광천해저 들기름김 64g,해조류
핀보 오렌지마멀레이드 230g,농산물통조림/병
ACHIM 아침닭가슴살 무염 100g(오차범위 ±4.5%),조미육가공
뿌리다시마 150g,해조류
피코크 플로랑탱 코코넛 80g,건식품
cj 제일제당 The더건강한햄치즈 600g,축산물통조림/병
늘푸른 부산어묵 김밥용어묵 130g,햄/소시지(통조림/병제외)
망고망고해 29g,건식품
샘표식품 질러 한입 육포 20g,조미육가공
해우촌 장흥무산김 60 g(5gx12봉),해조류
맘씨푸드 진한국물 육수 다시마 150g,해조류
요리닭 부드러운 오븐구이 닭가슴살 100g,조미육가공
담과연 하루한줌 건강한줌 견과7 250g,건식품
EARTH MAN 히말라야 미네랄 빙하수를 먹고 자란 무설탕 건체리 25g,건식품
자연주의 100% 유기포도잼 400g,농산물통조림/병
대천김 왕가김 김자반볶음 140g,해조류
아임닭 참숯 훈제 닭가슴살 수제 소시지(순한맛) 120g,햄/소시지(통조림/병제외)
DONGWON 동원 오븐&통그릴 트러플델리햄 올리브&채소 260 g x 2,햄/소시지(통조림/병제외)
SOM 건조 미션무화과 200g,건식품
The 더건강한 브런치비엔나 오리지널 400g,햄/소시지(통조림/병제외)
Saratoga PEANUT BUTTER 몽키보이 바나나건포도 땅콩버터 453g,농산물통조림/병
GaHyeon 착한자른미역 20 g,해조류
목우촌 원칙을 지키는 햄 숙성슬라이스 100g,햄/소시지(통조림/병제외)
청정원 참나무로 훈연한 그릴바베큐 350g,햄/소시지(통조림/병제외)
풀무원 파래김자반 65g,해조류
사할리스낵 발도스타 피칸 113g,건식품
하동 알토리꿀밤 100g,건식품
롯데햄 의성마늘 프랑크 70g,햄/소시지(통조림/병제외)
아워홈 참나무향 그윽한 닭가슴살 110 g,조미육가공
샘표 조림용 고등어 400g,수산물통조림/병
바질페이스토맛아몬드 200g,건식품
한성기업 켄터키후랑크H 1kg,햄/소시지(통조림/병제외)
CHARMFRE 춘천식 닭갈비 매운맛 500g,조미육가공
동원 그릴리 골든 베이컨 트러플 420g (140g x 3),조미육가공
주부9단 프랑크소시지 500g,햄/소시지(통조림/병제외)
오뚜기 고등어 김치&무조림 280g,수산물통조림/병
베이크드빈스 420g,농산물통조림/병
도드람 안주거리 숯불뼈없는불닭발 160g,조미육가공
머거본 달콤한 직화 육포 20g,조미육가공
소니가 미니믹스 라이프,건식품
펭귄황도 400g,농산물통조림/병
농협목우촌 주부9단 뚝심 120g,축산물통조림/병
진심의 작품 복음자리 복음자리 땅콩버터 크런치 340g,농산물통조림/병
대명건해 신안 돌김 80g,해조류
waitrose DUCHY 유기농 베이크드 빈 인 토마토소스 400g,농산물통조림/병
백진미 오징어 500g,건포류
Andan Jam 안단 저칼로리 사과잼 220g,농산물통조림/병
샘표 우리엄마 매콤한 깻잎 50g,농산물통조림/병
진미특선 오징어 굿다리 55g,건포류
트라피스트수녀원 포도잼 1kg,농산물통조림/병
EAT EMOTION 핫다리 90g,건포류
사조참치 사조통살참치 450g,수산물통조림/병
북강릉농업협동조합 통황태 1마리,건포류
헤로 살구 잼 340g,농산물통조림/병
KOKO FARM 땅끝 해남에서 온 고구마 말랭이 240g (60g x 4개),건식품
Crispconut 코코넛칩스 (코코넛71% 함유) 40g,건식품
빙수팥 850g,농산물통조림/병
동원 고소한 꽁치 300g,수산물통조림/병
맛있는 풍경 유기김 선물세트 1호 100g,해조류
잼이된과일 잼이 된 통딸기 370g,농산물통조림/병
우원식품 새콤달콤 파인애플칩 16g,건식품
피코크 그릴드 훈제 닭가슴살 140g,햄/소시지(통조림/병제외)
Orkla 스타부르 연어 스프레드 훈제연어 포션컵 160g (40g x 4ea),농산물통조림/병
사조참치 사조포도씨유참치 400g,수산물통조림/병
치즈육포 35g,조미육가공
더 맛있는 고구마칩 60g,건식품
사조참치 사조마일드참치안심따개 255g,수산물통조림/병
myzing-o 매콤한맛 불닭오징어,건포류
유가원 유기농 칠리치즈 아몬드 100g,건식품
쿠키 앤 크림 스프레드 250g,농산물통조림/병
청정원 바베큐소시지 640g,햄/소시지(통조림/병제외)
FiNE 파파야볼 인 시럽 340g,농산물통조림/병
CJ 통오리 오븐구이 200g,조미육가공
ALCURNIA 황도 2절(MELOCOTON EN ALMIBAR MITADES) 850g,농산물통조림/병
동아수산 디포리 300g,건포류
건배 매운맛 우육포 40g,조미육가공
한성기업 켄터키후랑크H 1kg,햄/소시지(통조림/병제외)
신화 미니반건조고구마 280g±5,건식품
불고기브라더스 넌지금육포가땡긴다 돼지고기육포 바베큐맛 10g,조미육가공
스팸클래식+스팸마일드 1020g [스팸클래식 340g + 스팸마일드 680g (340g X 2개입)],축산물통조림/병
대상 청정원 참나무로 훈연한 고소한 햄 700g,햄/소시지(통조림/병제외)
롯데햄 의성마늘햄 60g,햄/소시지(통조림/병제외)
DRIED FOOD 볶음캐슈넛 300g,건식품
"Crispconut 카레맛 코코넛칩스[코코넛65%, 카레맛시즈닝5.3%함유] 40g",건식품
JAYON TREE 배칩,건식품
Waitrose 블랙커런트 쨈 (BLACKCURRANT JAM) 454g,농산물통조림/병
SONNA MERA 스위트 피클 슬라이스(Sweet Pickle Sliced) 340g,농산물통조림/병
소금이 전혀 없는 통영굴김 20g,해조류
청해명가 삼천포 멸치 국물용 150g,건포류
Tom's 흑당밀크티아몬드 25g,건식품
진심의작품 복음자리 복음자리 사과잼 620g,농산물통조림/병
Waitrose 더치 유기농 찹드 토마토 400g,농산물통조림/병
Tiptree 팁트리 블랙커런트잼 340g,농산물통조림/병
동원참치 살코기 210g,수산물통조림/병
DRIED FOOD 뿌려먹는 견과 300g,건식품
스팸 마일드 200g,축산물통조림/병
요리하다 편육 슬라이스 265g,조미육가공
그릭슈바인 닭가슴살 슬라이스 블랙페퍼 400g (100g x 4개입),햄/소시지(통조림/병제외)
프레시안 더(The) 건강한 그릴비엔나 치즈 135g,햄/소시지(통조림/병제외)
샘표 조림 고등어 400g,수산물통조림/병
구운 아몬드 700g,건식품
지도표재래식성경김 38g,해조류
PEACOCK 쟌슨빌 버팔로 스타일 소시지 위드 치즈 396g,햄/소시지(통조림/병제외)
피코크 훈제 스모크 닭다리 170g,햄/소시지(통조림/병제외)
트레이더스)건자두1kg,건식품
황기 250g(±2%),건식품
유동 고등어보일드 400g,수산물통조림/병
남도미향 섬마을 해초 1kg,해조류
RICHFARM 수푸림믹스넛 430 g,건식품
샹.달프 라즈베리잼 170g,농산물통조림/병
NARA 컬러푸드와 통마늘이 들어간 넛츠믹스 500g,건식품
소와나무 치즈타임 비프 30g,조미육가공
LOLOTETE 국산 사과 100% 사과칩 15g,건식품
사조참치 사조바베큐맛참치 안심따개 450g,수산물통조림/병
Green Nut 커피땅콩 170g,건식품
이마트 설탕 대신 올리고당 딸기잼 380g,농산물통조림/병
Waitrose 시드레스 라즈베리 쨈 (SEEDLESS RASPBERRY JAM) 454g,농산물통조림/병
아기꼬야 파인애플 15g,건식품
ST.DALFOUR 샹.달프 딸기잼 28g,농산물통조림/병
볶음땅콩 180g,건식품
온천지 광천 재래김 30g,해조류
롯데햄 런천미트 200g,축산물통조림/병
사조 꽁치 보일드 통조림 400g,수산물통조림/병
사브작 큐브 김스낵 퀴노아&참깨 30g,해조류
바로먹는 구운완두콩 240 g,건식품
염장고시래기 200g,해조류
사조 한돈 그릴 비엔나 460g (230g x 2개),햄/소시지(통조림/병제외)
Tom's FARM 1982 허니버터아몬드 25g,건식품
혼담은 명가등심돈까스 2.6kg (130g x 20개입),조미육가공
100%국산맛밤 70g X 3개입,건식품
한성기업 프리미엄 김밥세트 440g,햄/소시지(통조림/병제외)
베베쿡 처음 먹는 어린이 김 당근 15g,해조류
식자재왕 베이컨 1kg,조미육가공
목우촌 혼신 못말리는 청춘 소시지는 잘말려 60g,햄/소시지(통조림/병제외)
오스카마이어 오스카 마이어 베이컨 오리지널 453g,햄/소시지(통조림/병제외)
청정원 켄터키소시지 160g,햄/소시지(통조림/병제외)
절단다시마 300g,해조류
MORN 몬 망고 슬라이스 565g,농산물통조림/병
채끝 스테이크 육포 200g,조미육가공
맛땅콩 40g,건식품
한아담식품 광천미스 김자반 80g,해조류
Purummam 순수자연 딸기칩 13g,건식품
마리오 케이퍼 인 비니거(MARIO CAPERS IN VINEGAR) 100g,농산물통조림/병
롯네 엔네이처 부드러운 프랑크,햄/소시지(통조림/병제외)
청정원 사브작 오븐 슬라이스 육포 화끈한 맛 80g,조미육가공
inviva 감자칩 35g,건식품
Jinju 맥쏘 화끈한 불맛 140g,햄/소시지(통조림/병제외)
사조 참 고소한 재래김 40g,해조류
풀무원 들기름을 섞어 바삭바삭 고소하게 구워낸 파래김 35g,해조류
넛츠팜 구운 캐슈너트 400g,건식품
팥나라골드빙수팥 850g,농산물통조림/병
정우식품 산모미역 80g,해조류
청정원 담백하고 건강한 베이컨 80g,햄/소시지(통조림/병제외)
Dole 돌 파인애플 슬라이스 (DOLE PINEAPPLE SLICES IN HEAVY SYRUP) 836g,농산물통조림/병
inviva 고구마칩 35g,건식품
무항생제 닭안심 400g,조미육가공
청정원 우리팜 델리 115g,축산물통조림/병
양반 명품 김자반 멸치&새우 50g,해조류
코주부 징기스칸 육포 순한맛 140g,조미육가공
No Brand 크리스피 로즈마리 아몬드 360g,건식품
동원 그릴리 황금치킨 후랑크 140g (70g x 2ea),햄/소시지(통조림/병제외)
요리하다 찰순대슬라이스 500g,조미육가공
DE CECCO 폴파 페제토니 400g,농산물통조림/병
LF FOOD 하코야 롱 돈까스 320g,조미육가공
질러 치즈품은 비프 70g,조미육가공
살코기 동원참치 1080g(135g x 8캔),수산물통조림/병
죽순(홀) 2840g,농산물통조림/병
샘표 질러 직화풍 BBQ 150g 150g,조미육가공
대림선 숯불구이맛 김밥햄 200g,햄/소시지(통조림/병제외)
풀무원 두번 구워 더욱 향긋한 김밥김,해조류
No Brand 크리스피 로즈마리 믹스넛 310g,건식품
비비고 직화구이김 90g,해조류
별애별참 사과칩 20g,건식품
동원참치-큐 165g,수산물통조림/병
청정원 우리팜 델리 190g,축산물통조림/병
PLANTERS 플랜터스 허니 로스트 피넛 453g,건식품
국산 군산 꽃새우 180g,건포류
롯데햄 통째로 구워 즐기는 그릴베이컨 360g,햄/소시지(통조림/병제외)
해왕 알뜰/짧은백진미(1kg),건포류
강고집 맛있꾼먹태 청양마요맛 30g,건포류
샘표 우리엄마 돼지고기 장조림 110g,축산물통조림/병
DRIED FOOD 볶음캐슈넛 500g,건식품
시골 들기름으로 구운김 75g,해조류
Bread Garden 분말한천 GAR-TYPE 30g,해조류
만전김 무가미 일회조 곱창돌김 (3g x 8봉),해조류
CJ 계절어보 맑은순골뱅이 300g,수산물통조림/병
PEACOCK 오리지날 따봉 560g,햄/소시지(통조림/병제외)
달인김 달인 아몬드호두돌김자반볶음 40g,해조류
존쿡 델리미트 모타델라 100g,햄/소시지(통조림/병제외)
Tom's 흑당밀크티아몬드 190g,건식품
동원 리챔 핫 치폴레 200g,축산물통조림/병
베베쿡 오동통통맛밤 50g,건식품
캠프렌즈 미니윈너 280g,햄/소시지(통조림/병제외)
조비스바나나칩 320g,건식품
동원 리얼 녹차비스킷 스프레드 230g,농산물통조림/병
바다마음 두번구운 파래곱창돌김 25매 (70g 이상),해조류
피코크 딸기 그대로 10g,건식품
말랑파파야스틱,건식품
바로선 로스티드 피너츠 1kg(±5g),건식품
Just Fresh 해남바다 향긋한 파래김 4.5g,해조류
복음자리 사과잼 800g,농산물통조림/병
유동골뱅이 자연산 300g,수산물통조림/병
수리 그린 칠리 피클 227g,농산물통조림/병
동우농산 매일견과 카카오닙스 360g,건식품
복음자리 앙버터 스프레드 120g,농산물통조림/병
좋은 원초에 참기름향이 고소한 참기름김,해조류
오뚜기 꽁치 강된장조림 100g,수산물통조림/병
풀무원 들기름을 섞어 바삭바삭 고소하게 구워낸 돌김 40g,해조류
Jinju 천하장사 육포 15g,조미육가공
리챔 오리지널 960g (120g X 8캔),축산물통조림/병
하림 새우젓으로 맛을 낸 햄 1020g,축산물통조림/병
청정원 포도잼 370g,농산물통조림/병
디포리(150g) 150g,건포류
aloha nuts 로스티드 마카다미아 솔티드 100g,건식품
Tom's Farm 1982 허니버터아몬드 600g,건식품
사조꽁치 280g,수산물통조림/병
풀무원 말랑 크랜베리&고구마 50g,건식품
프라임 REAL 프라임 리얼 로즈마리 훈제 닭가슴살 300g,조미육가공
우일식품 광천 재래김 64g,해조류
사조로하이 사조 로하이 케이준 소시지 300g,햄/소시지(통조림/병제외)
맛있게 잘만든 햄 불고기 비엔나 1000g,햄/소시지(통조림/병제외)
사조 야채참치 안심따개 150g,수산물통조림/병
백설 오리지널 후랑크 500g,햄/소시지(통조림/병제외)
"롯데햄 런천미트 1,800 g",축산물통조림/병
simplus 신안재래김 120g,해조류
롯데 믹스너트 너트클럽 135g,건식품
쓰리스푼 캐슈넛 말차잼 200 g,농산물통조림/병
머거본 화끈하게 매운 육포 20g,조미육가공
머거본 마늘빵맛아몬드 160g,건식품
Jinju 천하장사 육포 45g,조미육가공
"CHIPMUNK 콩가루 집안의 나는, 호두깡 65g",건식품
청정원 포도쨈 470g,농산물통조림/병
오뚜기 캐슈넛 125g,건식품
하림 3% 날씬한팸 340g,축산물통조림/병
하림 닭가슴살 소시지 훈제 120g,햄/소시지(통조림/병제외)
드라이어스 오리지널 바비큐 60g,조미육가공
DRIED FOOD 건블루베리 350g,건식품
복음자리 마멀레이드잼 360g,농산물통조림/병
푸드피아 깐포도 400g,농산물통조림/병
웰프 볶음땅콩분태 1kg,건식품
하선정 우엉조림 130g,햄/소시지(통조림/병제외)
건포도 800g,건식품
리얼킹크랩 540g,햄/소시지(통조림/병제외)
DRIED FOOD 아몬드슬라이스 300g,건식품
리얼밀 그릴 닭가슴살 140g,햄/소시지(통조림/병제외)
아기밀 우리아이 유기농김 비타민D3 15g,해조류
스팸베이컨 340g,축산물통조림/병
한성기업 추억의 알짜소세지 1kg,햄/소시지(통조림/병제외)
맛있는철학자 감귤칩 40g,건식품
동원 리얼킹 치즈후랑크 80g,햄/소시지(통조림/병제외)
뚝딱참치 김치&날치알 150g,수산물통조림/병
롯데햄 신선함 그대로 살아있는 슬라이스햄 100g,햄/소시지(통조림/병제외)
롯데햄 의성 마늘햄 540g,햄/소시지(통조림/병제외)
자숙 닭가슴살 90g,햄/소시지(통조림/병제외)
미소향소고기견과육포 150g,조미육가공
동원연어샐러드 100g,수산물통조림/병
동원참치 동원 EPA참치 100g,수산물통조림/병
메가믹스 850g,건식품
한성기업 단호박 훈제오리 슬라이스 500g,햄/소시지(통조림/병제외)
바로선 굿모닝 뿌리채소 믹스넛 230g,건식품
THAI heritage 타이 헤리티지 코코넛 크림 400ml,농산물통조림/병
참기름을 섞어 더욱 고소하게 구워낸 재래김 80g,해조류
DONG WON 저스트 무화과 170g,건식품
김연구가 박향희 박향희새우파래김자반 20g,해조류
사조마일드 참치 안심따개,수산물통조림/병
스팸 클래식 1020g,축산물통조림/병
The더건강한 채소고기가득 훈연맛 200g,햄/소시지(통조림/병제외)
북어껍질300g,건포류
넛츠팜 건자두 1kg,건식품
롯데햄 베이컨 240g,햄/소시지(통조림/병제외)
목우촌 프라임 꼬치구이 프랑크 400g,햄/소시지(통조림/병제외)
동해안 특)오징어 70g,건포류
무항생제 닭다리살(정육) 400g,조미육가공
델립 숯불구이맛 산적구이 140g,햄/소시지(통조림/병제외)
지도표 구운 김밥김 35g (20매),해조류
백설 그릴후랑크 마늘 600g,햄/소시지(통조림/병제외)
피코크 훈제다리슬라이스 200g,햄/소시지(통조림/병제외)
리챔 오리지널 120g,축산물통조림/병
Dole 돌 스위티오 파인애플 400g,농산물통조림/병
롯데푸드 블루베리맛 아몬드와 캐슈넛 160g,건식품
Hainanese 하이난 카야 260g,농산물통조림/병
한아담식품 대표 아몬드&호두 미스김자반 40g,해조류
광천늘찾는갯벌김 15g,해조류
일품국내산쇠고기육포,조미육가공
"STONERIDGE 스톤릿지 오처드 유기농 건크랜베리 113g, 4 OZ",건식품
엉클베리 하우스 짜먹는블루베리 180g,농산물통조림/병
롯데푸드 의성마늘비엔나 360g,햄/소시지(통조림/병제외)
John's GOURMET 비어먹닭 통살 바베큐 20g,조미육가공
CHEW 감츄 114g,건식품
오뚜기 살코기 마일드참치 원조 150g,수산물통조림/병
삼양 불닭오징어 40g,건포류
본엠 통그릴 볼 비엔나 930g,햄/소시지(통조림/병제외)
풀무원 들기름을 섞어 바삭바삭 고소하게 구워낸 재래김 64g,해조류
머거본 콘소메땅콩 40g,건식품
Dry & Fish 백진미오징어 400g,건포류
사조 하우스 그릴 부어스트 310g,햄/소시지(통조림/병제외)
탐스팜 불닭맛아몬드 210g,건식품
Pulmuone 심콩 병아리콩 40 g,건식품
알래스카연어 알래스카 연어 300g,수산물통조림/병
커피땅콩 130g,건식품
참작 빅(Big) 소시지 80g,햄/소시지(통조림/병제외)
쥐치포 33개,건포류
사조 찌개전용참치 안심따개 450g (150g x 3캔),수산물통조림/병
리치스 파인애플 청크 3062g,농산물통조림/병
HONEST PROJECT 하루 과일칩 10g,건식품
에스앤더블유 프리미엄 홀 토마토 411g,농산물통조림/병
포도포도해 32g,건식품
굿모닝너츠 250g,건식품
버섯듬뿍 닭가슴살 스테이크 100g,조미육가공
광천김 간장에 찍어먹는 구운 파래김 30g,해조류
청정원 런천미트 340g,축산물통조림/병
살코기 오뚜기참치 450g,수산물통조림/병
동원참치 살코기 210g,수산물통조림/병
하림 치킨팜 340g,축산물통조림/병
Dole 돌 스위트콘 425g,농산물통조림/병
정화유통 참오징어구이 180g,건포류
단팥맛아몬드 25g,건식품
HONEST PROJECT 상큼한 딸기칩 7g,건식품
해우촌 해남바다 향긋한 파래김 4.5 g x 16 ea,해조류
부어스첸,햄/소시지(통조림/병제외)
다정나눔 산모용 건미역 500g,해조류
좋은세상 재래김 100매,해조류
롯데햄 롯데 켄터키프랑크 230g,햄/소시지(통조림/병제외)
카보트푸드 프랭크소시지(CABOT FOODS FRANKS) 454g,햄/소시지(통조림/병제외)
JAMESMOND 멸치&아몬드 145g,건식품
동원 델큐브참치 160g,수산물통조림/병
프레시안 그릴비엔나 400g,햄/소시지(통조림/병제외)
sunkist 감귤 컵 100g X 4개입,농산물통조림/병
델립 와인갈릭비엔나 300g,햄/소시지(통조림/병제외)
상상 오다리 50g,건포류
기장명품자른다시마,해조류
좋은세상 건조고구마 200g,건식품
Dry & Fish 콩으로 맛을 낸 통후추 촉촉한 먹태 150g,건포류
백설햄 두루두루햄 600g,햄/소시지(통조림/병제외)
소문난 광천김 파래 80g,해조류
동원참치 동원 불고기참치 100g,수산물통조림/병
미원 맛소금 김 80g(4g x 20봉),해조류
동원 녹차담음베이컨 100g,햄/소시지(통조림/병제외)
CJ알레스카연어 알레스카연어 고추연어 300g,수산물통조림/병
캠프렌즈 콤비부어스트파티 330g,햄/소시지(통조림/병제외)
동원 파인애플 234g,농산물통조림/병
리챔 오리지널 680g,축산물통조림/병
목우촌 프라임 브런치부어스트 520 g,햄/소시지(통조림/병제외)
좋은세상 착한가격 너트믹스 1탄 800g,건식품
동원 오븐&통그릴 델리햄 150g,햄/소시지(통조림/병제외)
달인 파래돌김자반볶음 50g,해조류
유동 자연산골뱅이 560g,수산물통조림/병
목우촌 원칙을 지키는 비엔나 240g,햄/소시지(통조림/병제외)
캄포 유기농 촙트 토마토 통조림 400g,농산물통조림/병
공용) 허니버터아몬드 앤 프렌즈 패밀리팩 대용량 600g(10g*60EA),건식품
가평잣 잣 300g,건식품
롯데햄 의성마늘베이컨 320g,햄/소시지(통조림/병제외)
피코크 정통방식으로 만든 훈제오리 450g,햄/소시지(통조림/병제외)
동원 골뱅이 400g,수산물통조림/병
동원 그릴리 황금치킨 닭가슴살 오리지날 110g,조미육가공
맥반석쥐포구이채 35g,건포류
알래스카연어 알래스카 연어 405g,수산물통조림/병
RIZZOLI 필레티 디 토노로사(참치69%함유) 200G,수산물통조림/병
Andan Jam 안단 프리미엄 단호박잼 220g,농산물통조림/병
구운아몬드,건식품
아워홈 페퍼 살라미 50 g,햄/소시지(통조림/병제외)
풀무원 말랑 망고&고구마 150g,건식품
동원 리얼참치봉 500g,햄/소시지(통조림/병제외)
동원참치 라이트스탠다드 555g,수산물통조림/병
청정원 돌자반김 65g,해조류
목우촌 프라임 불에구운김밥햄 260g,햄/소시지(통조림/병제외)
사조참치 사조살코기참치 안심따개 450g,수산물통조림/병
DONGWON 동원참치 김치찌개용 135g,수산물통조림/병
건강한참치 오메가369 100g,수산물통조림/병
덴마크햄 400g,햄/소시지(통조림/병제외)
좋은세상 믹스 7종 700g,건식품
동원 꽁치 400g,수산물통조림/병
DONGWON 동원 야채참치 90g,수산물통조림/병
하림 Real 닭가슴살 그릴 스테이크 허브 100g,조미육가공
동원 판타스틱 스파이시 80g,조미육가공
구운오징어다리,건포류
사조마일드참치 안심따개,수산물통조림/병
동원 해바라기유참치 300g,수산물통조림/병
키스틱 프로틴바 매콤 100g,햄/소시지(통조림/병제외)
백진미채(300g) 300g,건포류
목우촌 프라임 순살햄 350g,햄/소시지(통조림/병제외)
너비아니육포 170g,조미육가공
굿모닝너츠 리얼고구마칩과 롤바나나칩 150g,건식품
양반 아이맛있는김 김자반 30g,해조류
Dole 돌 트로피칼 믹스 400g,농산물통조림/병
식자재왕 모듬소시지(A) 350g,햄/소시지(통조림/병제외)
캠프렌즈 비바크비센 75g,햄/소시지(통조림/병제외)
동원 통그릴비엔나 720g,햄/소시지(통조림/병제외)
돌 망고 청크 (Dole mango chunks in Heavy Syrup) 439g,농산물통조림/병
동원참치 김치찌개용 200g,수산물통조림/병
다향오리 다향 훈제오리 600 600g,조미육가공
황태포 50g 이상,건포류
머거본 칼몬드 35g,건식품
엔네이쳐 엔네이처 직화 화로적 420g,햄/소시지(통조림/병제외)
롯데햄 통째로 구워 즐기는 그릴베이컨 400g,햄/소시지(통조림/병제외)
동원 김치찌개용 꽁치 400g,수산물통조림/병
사조참치 사조포도씨유참치 600g,수산물통조림/병
목우촌 비엔나가 좋아요 135g,햄/소시지(통조림/병제외)
NKⅡ 아버지愛 마음을 담아 파래김자반볶음 70g,해조류
그라놀로지 마카다미아 아카데미아 500g,건식품
목우촌 주부9단 뚱딴지프랑크 450g,햄/소시지(통조림/병제외)
수월한 석쇠불고기 400g,조미육가공
다향 오리정육슬라이스 500g,조미육가공
황토가마에 구운 호두 300g,건식품
HBAF 군옥수수맛아몬드 40g,건식품
허니레몬아몬드 210g,건식품
오션스프레이 크레이진 건조크랜베리 142g,건식품
백설 직화구이 불고기맛햄 285g,햄/소시지(통조림/병제외)
GENTLE MATTO 슬림모어 배칩 20g,건식품
신화에프에스 특대왕쥐포 300g,건포류
동원순닭가슴살매운불닭 135g,축산물통조림/병
황도 345g,농산물통조림/병
사조참치 사조뱃살참치 150g,수산물통조림/병
대상 청정원 청정자른미역 100g,해조류
그릭슈바인 육즙가득 부어스트 치즈 550g (275g x 2개),햄/소시지(통조림/병제외)
소문난삼부자 도시락김 36g (4g x 9봉),해조류
하림 통살 살코기 닭가슴살 145g,축산물통조림/병
머거본 요구르트아몬드 14g,건식품
동원 오븐&통그릴 폭찹스테이크 오리지널 560g,햄/소시지(통조림/병제외)
해조명가 바베김 멸치김자반 70g,해조류
평화나무농장 훈제 목살 햄 슬라이스 200g,햄/소시지(통조림/병제외)
임자도갯벌김 20g,해조류
롯데햄 롯데 의성마늘햄 480g,햄/소시지(통조림/병제외)
좋은세상 바나나칩 [대] 500g,건식품
동원 건강한참치 셀리늄엽산 150g,수산물통조림/병
지도표성경 함초칼슘돌자반 150g,해조류
롯데푸드 칠리맛 아몬드와 캐슈넛 160g,건식품
Dole 감귤 컵 198g,농산물통조림/병
E : YOU 구운사차인치 250g,건식품
초이스엘 CHOICE L REAL MIX NUTS 매일견과 오리지날 250g,건식품
Green Nut 그린넛츠 믹스넛 800g,건식품
wa 완전복S 전복장 95g,수산물통조림/병
Johnsonville 폴리시 킬바사 소시지 566g (283g x 2입),햄/소시지(통조림/병제외)
바로선 가염아몬드 400g (±5g),건식품
안심 훈제닭가슴살,축산물통조림/병
Tom's Farm 1982 군옥수수맛땅콩 120g,건식품
황토가마에 구운 호두 170g,건식품
"돌 트로피칼 후룻 샐러드 3,062g",농산물통조림/병
DAESANG 청정원 바로eat 안주야 먹태열풍 스위트허니맛 25g,건포류
펭귄 깐포도 400g,농산물통조림/병
플랜터스 쏠티드 피넛 336g (28g X 12),건식품
청우림 스모크햄 1000g,햄/소시지(통조림/병제외)
사조자연산꽁치 1800g,수산물통조림/병
동원 오븐&통그릴 폭찹스테이크 오리지널 280g,햄/소시지(통조림/병제외)
오트리 고메넛츠 25g,건식품
Ligo 리고 땅콩버터 (LIGO PEANUT BUTTER CREAMY) 462g,농산물통조림/병
Rio Santo 할라페뇨슬라이스 950g,농산물통조림/병
로스팜 엔네이처 200g,축산물통조림/병
해맑음 아몬드슬라이스 200g,건식품
일가집 맛있는제안2 삼각김밥만들기SET 219.9g,햄/소시지(통조림/병제외)
델루츠 건조애플망고 50g,건식품
올리브영 건복숭아 30g,건식품
올가 갈비살을 굵게 다져 빚은 두툼한 떡갈비 200g,햄/소시지(통조림/병제외)
구운 한우사골 조미오징어 400g,건포류
Tom's Farm 1982 허니버터 아몬드 150 g,건식품
북어채 200g,건포류
델몬트 수퍼 스위트콘 (Del Monte Super Sweet Corn) 380g,농산물통조림/병
김연구가 박향희 전통김 12g,해조류
FISH+JERKY 불닭맛쥐포 120g,건포류
프레시안 더(The)건강한 그릴비엔나 360g,햄/소시지(통조림/병제외)
양반 명품 김자반 아몬드 50 g,해조류
롯데햄 의성마늘햄 GOLD LABEL 540 g,햄/소시지(통조림/병제외)
식신원정대 미역귀 150g,해조류
동원참치 건강한참치 오메가369 150g,수산물통조림/병
샘표 바로바로 요리하는 소라 400g(고형량: 180g),수산물통조림/병
팔레오 스윗 로우 카카오닙스 270 g,건식품
가쓰오부시 36g (1.5g x 24개입),건포류
S & W 에스 앤 더블유 프리미엄 블랙 빈 425그램,농산물통조림/병
하림 런천미트 200g,축산물통조림/병
원더풀 피스타치오(저염) 150g,건식품
촉촉한 밤 70 g,건식품
노브랜드 피티드 블랙올리브(PITTED BLACK OLIVES) 340g,농산물통조림/병
청정원 올리브유 재래김 40.5g,해조류
자엔에서 온 복음자리 자연에서 온 배칩 13g,건식품
피코크 훈제가슴살슬라이스 200g,햄/소시지(통조림/병제외)
머거본 칼몬드 350g,건식품
시리오 체리 엑스트라 잼 280g,농산물통조림/병
CJ제일제당 바삭한 명가김 파래김 64g,해조류
DRY&FISH 쫀득이오징어 140g,건포류
바로선 굿모닝 통마늘 야채 믹스넛 230g,건식품
청하식품 치즈육포매운맛 30g,조미육가공
사조참치 사조 고추참치 안심따개 255g,수산물통조림/병
신원식품 조미오징어다리 180G,건포류
ST.DALFOUR 샹.달프 복숭아잼 28g,농산물통조림/병
백설 그릴후랑크 할라피뇨 300g,햄/소시지(통조림/병제외)
오뚜기참치 살코기 250g,수산물통조림/병
아임닭 바삭바삭 닭가슴살 크런칩 시그니처 25 g,조미육가공
그릴비엔나 520g,햄/소시지(통조림/병제외)
CIRIO 딸기 엑스트라 잼 280 g,농산물통조림/병
PEACOCK 레몬 닭가슴살 140g,햄/소시지(통조림/병제외)
노브랜드 그릴프랑크 500g,햄/소시지(통조림/병제외)
해맑음 볶음캐슈넛 30g,건식품
캠프렌즈 도이치부어스트 310g,햄/소시지(통조림/병제외)
NARA 허니버터 아몬드 30g,건식품
평화나무농장 훈제 등심 햄 슬라이스 200g,햄/소시지(통조림/병제외)
동원참치 동원 해바라기유참치 150g,수산물통조림/병
촉촉한 고구마 50 g,건식품
Taylor 건자두 500g,건식품
헬리오스 무화과잼 330g,농산물통조림/병
동원참치 김치찌개용 100g,수산물통조림/병
오뚜기 살코기 마일드참치 원조 100g,수산물통조림/병
GaHyeon 착한자른다시마 100 g,해조류
씨제이씨푸드 잔치소시지 1kg,햄/소시지(통조림/병제외)
KOKO FARM 메이플 고구마말랭이 60 g,건식품
뚝딱참치 청양고추 100g,수산물통조림/병
맛있는 풍경 바다향가득 곱창돌김 10P 35g,해조류
"칩멍크 콩가루 집안의 나는, 호두깡 260g (65g x 4개입)",건식품
롯데푸드 K 로스팜 200g,축산물통조림/병
동결건조 파인애플 15G,건식품
사조 안심팜 340g,축산물통조림/병
프리미엄 동원 라이트튜나 170g,수산물통조림/병
Tom's 허니버터아몬드 300 g,건식품
엔젤라미아 스파게티소스,농산물통조림/병
"스팸클래식 1.42kg (340g x 3캔, 200g x 2캔)",햄/소시지(통조림/병제외)
하림 더 부드럽고 촉촉한 닭가슴살 안심 바질&올리브 100g,조미육가공
롯데햄 떡갈비 160g,햄/소시지(통조림/병제외)
33삼삼 떡푸짐 춘천 국물 닭갈비 1440g,조미육가공
유기농 베이크드 빈 인 토마토소스 340g,농산물통조림/병
Green Nut 인절미와 호두아이들 200g,건식품
동원 와인담음베이컨,조미육가공
사조고추참치 안심따개 150g x 4캔,수산물통조림/병
프레시안 브랏후랑크치즈 300g,햄/소시지(통조림/병제외)
올품 굽닭 스테이크 400g,조미육가공
베레타 소프레사타 슬라이스 85g,햄/소시지(통조림/병제외)
김맛 아몬드 10g,건식품
샘표 골뱅이 400g,수산물통조림/병
농협 내린천 국산콩비지 400g,건식품
정화 전기구이 진미오징어 60g,건포류
자연레시피 순수김 20g (2g x 10개입),해조류
이춘복의 비법 고소한 치즈육포,조미육가공
델립 배밭 갈비맛햄 210g,햄/소시지(통조림/병제외)
Tom's 제주말차아몬드 190g,건식품
풀무원 들기름 재래김 60g (5g x 12봉),해조류
피코크 탄두리 닭가슴살 140g,햄/소시지(통조림/병제외)
목우촌 비엔나가 좋아요 135gX2개 270g,햄/소시지(통조림/병제외)
이춘복의 비법 매콤한 고추장 육포 100g,조미육가공
유기농 건 블루베리 120g,건식품
CJ제일제당 The더건강한 통오리오븐구이 슬라이스 800g (4~5인용),조미육가공
이마트 웰 메이드 베이컨칩 300g,햄/소시지(통조림/병제외)
롯데햄 롯데비엔나 400g,햄/소시지(통조림/병제외)
하나가득 광천콜제로김 80g,해조류
설악골 통황태 1마리,건포류
김연구가 박향희 박향희 파래 김자반 50g,해조류
KOKI FOOD 바나나칩 300g,건식품
청정원 우리팜 아이사랑 330g,햄/소시지(통조림/병제외)
벅스킹 건조 고소애 100g,건식품
사조살코기참치안심따개 150g x 4캔,수산물통조림/병
Tom's Farm 민트초코아몬드 25 g,건식품
정성가득 반찬가게 초이스엘 달콤짭조름감자조림 100g,농산물통조림/병
리치스 슬라이스 오이피클 3000 g (고형량 : 1700 g),농산물통조림/병
타오케노이 크리스피 씨워드[핫 & 스파이시] 32g,해조류
일가집 양념우엉 150g,햄/소시지(통조림/병제외)
뚝딱참치 청양고추 150g,수산물통조림/병
정말 맛있는 소시지,햄/소시지(통조림/병제외)
김연구가 박향희 간장에싸먹는옛날재래김 35g,해조류
대림선 광천재래김 도시락 60g,해조류
팔레오 피칸 180g,건식품
동원 구운골뱅이 300g,수산물통조림/병
볶은 사차인치 300 g,건식품
Jinju 포차 닭발볶이 먹고갈래 205g (포차 닭발볶이 먹고갈래 100g + 떡볶이떡 80g + 닭발떡볶이용스프 25g),조미육가공
목우촌 프라임 꼬치구이 프랑크 400g,햄/소시지(통조림/병제외)
자연올 블루베리잼 200g,농산물통조림/병
건국햄 칠리부어스트 160g,햄/소시지(통조림/병제외)
DRIED FOOD 구운땅콩 600g,건식품
고소함이 가득 버터구이 쥐포채 150 g,건포류
동원 판타스틱 오리지널 60g,조미육가공
존쿡 이탈리안 살라미 50g,햄/소시지(통조림/병제외)
머거본 달콤한 직화육포 25g,조미육가공
알래스카연어 고소한 현미유 300g,수산물통조림/병
머거본 믹스너트 135g,건식품
촉촉한 버터구이 오징어,건포류
청정원 우리팜 델리 330g,축산물통조림/병
CJ제일제당 The더건강한그릴비엔나 400g,햄/소시지(통조림/병제외)
덴마크 비엔나 260g,햄/소시지(통조림/병제외)
오징어는 땅콩을 좋아해 50g,건포류
존쿡 델리미트 까챠토레 휀넬 150g,햄/소시지(통조림/병제외)
롯데햄 롯데 켄터키프랑크 230g,햄/소시지(통조림/병제외)
아몬드한통,건식품
소백산 통북어 1마리 90g,건포류
동원참치 쿡 볶음밥용 100g,수산물통조림/병
Original 촉촉한 철판구이 오징어 250g,건포류
Rio Santo 할라페뇨 (Jalapenos) 510g,농산물통조림/병
사조대림 캠프&하우스 두툼 살코기햄 1kg,햄/소시지(통조림/병제외)
초이스 엘 스위트콘 185g,농산물통조림/병
동원 한입 골뱅이 400g,수산물통조림/병
캠프렌즈 에델부어스트 240g,햄/소시지(통조림/병제외)
사조 연어 매운맛 안심따개 135g,수산물통조림/병
맑고푸른 건조기어포 40g,건포류
다향 고향의 장맛 오리주물럭 매운맛 500g,조미육가공
CHOICE L Delicious 호두 200g,건식품
목우촌 혼신 못말리는 청춘 소시지는 잘말려 20g,햄/소시지(통조림/병제외)
"Crispconut 초콜렛맛 코코넛 칩스[코코넛62%,코코아분말 4%함유] 40g",건식품
쇠고기키토육포 100g,조미육가공
두산 슈페리어 프랑크소시지 454g,햄/소시지(통조림/병제외)
마카다미아 150g,건식품
올리브유쥐포채 150g,건포류
THAI heritage 타이 헤리티지 코코넛 크림 400ml,농산물통조림/병
오뚜기햄 후레시 햄 800g,축산물통조림/병
3% 날씬한 닭가슴살 챔 200g,축산물통조림/병
youus 매일견과25 25g,건식품
롯데푸드 요리하다 갈릭 부어스트 350g,햄/소시지(통조림/병제외)
뚝딱참치열 화끈한맛 150g,수산물통조림/병
초록다먹은 찹쌀땅콩 100g,건식품
해표 리얼슬라이스 생생대파 20g,건식품
사조참치 사조올리브유참치 150g,수산물통조림/병
양반 들기름김,해조류
블랙김샌드 아몬드 20g,해조류
포크빌 모듬 소시지 360g,햄/소시지(통조림/병제외)
광천김 맛있다 파래김 100g (5g x 20봉),해조류
사조감자샐러드참치 400g,수산물통조림/병
롯데햄 요리엔소시지 165g,햄/소시지(통조림/병제외)
오뗄 맛있는 베이컨 702g (234g x 3),조미육가공
연어레시피 딜 115g,수산물통조림/병
The더건강한자연에서얻은재료로만든오리지널햄 480g,햄/소시지(통조림/병제외)
해맑은 2번 씻은 찐톳 70g,해조류
K&K 꽁치 머스타드 조림 100g,수산물통조림/병
맥스봉 마늘핫바 90g,햄/소시지(통조림/병제외)
지도표성경김 지도표재래식파래김 60g (20g x 3봉),해조류
올반키친 촉촉한 허브 닭구이 70g,조미육가공
S & W 에스 앤 더블유 프리미엄 칠리 빈(칠리페퍼 0.4% 첨가) 439g,농산물통조림/병
제주팜플러스 프루낵(파인애플) 23g,건식품
Duncan Hines 윌더니스체리파이휠링(토핑) 595g,농산물통조림/병
진주햄 더블스모크불고기햄(슬라이스) 500g,햄/소시지(통조림/병제외)
황토가마에 구운 땅콩 250g,건식품
해왕 건어채/명엽채(200g) 200g,건포류
해우촌 임자도 갯벌김 80 g,해조류
Marshland 유기농옥수수콘 330g,농산물통조림/병
믹스너트 450g,건식품
삼립 치킨BBQ쟈키 스파이시 20g,조미육가공
목우촌 프라임 살코기햄 300g,햄/소시지(통조림/병제외)
씨제이제일제당 스팸 핫&스파이시 200G,축산물통조림/병
머거본 오감 구운치즈미트스틱 50g,조미육가공
볶음아몯드 150g,건식품
쇠미역 400g(200g+200g),해조류
맛있는풍경 순수망고 20g,건식품
오뚜기 김치찌개용참치 540g(135g x 4캔),수산물통조림/병
CJ 스팸 25% 라이트 마일드 900g (300g x 3캔),축산물통조림/병
광천 파래김 64g,해조류
롯데햄 앤네이처 두툼김밥햄 140g,햄/소시지(통조림/병제외)
FARMER'S 블루베리 아몬드 100g,건식품
사조참치 사조마일드참치 210g,수산물통조림/병
DONGWON 동원을지로 골뱅이 무침용 300 g,수산물통조림/병
고소한 황태 80g x 3개,건포류
피코크 울트라빅 할라피뇨 후랑크 360g,햄/소시지(통조림/병제외)
광천김 허니버터 김스낵 25g,해조류
원더풀 아몬드 (가염) 400g,건식품
only price 믹스넛 180g,건식품
롯데햄 롯데 켄터키프랑크 230g,햄/소시지(통조림/병제외)
오뚜기 가벼운 참치 김치찌개용 135g,수산물통조림/병
비비고 한식간장김 80g,해조류
ST. DALFOUR 샹.달프 딸기잼 170g,농산물통조림/병
하동 알토리꿀밤 100g,건식품
RICHFARM 대추야자 150g,건식품
질러 치즈품은 육포 30g,조미육가공
명장 토종김,해조류
롯데비엔나 400g,햄/소시지(통조림/병제외)
동원홈푸드 크리스피어니언 73g,건식품
오트리 하루의 열매 베리넛츠UP 한입 25g,건식품
머거본 일품민속육포 100g,조미육가공
동원 뽀로로 참치 400g(100g x 4캔),수산물통조림/병
Kandy's 캔딜라스 스테비아 딸기잼 370g,농산물통조림/병
청해명가 삼천포 멸치 국물용 300g,건포류
주부9단 살코기햄 1kg,햄/소시지(통조림/병제외)
뿌리 야채칩 600g,건식품
PeterPan PEANUT BUTTER 피터팬 땅콩버터 크리미 462g,농산물통조림/병
리챔 와인숙성 + 오리지널 4개기획 800g,축산물통조림/병
안주왕 구운해바라기씨,건식품
쓰리스푼 로즈마리 밀크잼 200 g,농산물통조림/병
OZDAY 오즈데이 볶음 캐슈넛 750 420g,건식품
롯데햄 알뜰소시지 650g,햄/소시지(통조림/병제외)
원더풀 피스타치오 (무염) 500g,건식품
BLUE DIAMOND 칼플러스 70g,건식품
본엠 통그릴 두툼베이컨 200g,햄/소시지(통조림/병제외)
CJ알래스카연어 알래스카연어 고추연어 100g,수산물통조림/병
정화식품 허니버터오징어 120g,건포류
청해명가 삼천포 멸치 볶음용 300g,건포류
노브랜드 황다랑어로 만든 야채참치 450g,수산물통조림/병
광천김,해조류
DONG WON 자연한입 망고 280 g,건식품
Golden Lychee(골든리치) 240g,농산물통조림/병
오물조물얌얌 카레맛파래돌김자반 45g,해조류
삼두 켄터키 후랑크 1000g,햄/소시지(통조림/병제외)
동원 볶음짜장참치 150g,수산물통조림/병
육포속에 치즈 35g,조미육가공
황태채70g 70g,건포류
오설록 녹차 밀크 스프레드 200g,농산물통조림/병
CJ 더건강한 The 더건강한 브런치후랑크 리치치즈 260g,햄/소시지(통조림/병제외)
동원 델립비엔나 600g,햄/소시지(통조림/병제외)
동원 포차 미니크랩 40g,수산물통조림/병
T STANDARD 통그릴 비엔나 1kg,햄/소시지(통조림/병제외)
샘표 백도 400g,농산물통조림/병
cj제일제당 The 더건강한델리햄 750g,햄/소시지(통조림/병제외)
염장다시마채 200g,해조류
양반 명품김 친환경돌김 20g,해조류
Tom's Farm 1982 그린티라떼 아몬드퍼프볼 180g,건식품
해저식품 광천 해저 김자반볶음 400g,해조류
가현 김자반 명란맛 60g,해조류
The더건강한 베이컨 360g,조미육가공
DONGWON 동원 자연산꼬막 280 g,수산물통조림/병
바다원 올리브유 김자반 볶음 50g,해조류
"슬라이스드 블랙 올리브 3,100g",농산물통조림/병
소문난삼둥이김가루 400g,해조류
삼아 황도 슬라이스 2900g(고형량:1500g),농산물통조림/병
식자재왕 알뜰베이컨 1kg,햄/소시지(통조림/병제외)
PEACOCK 달콤 호두 140 g,건식품
조이락 비엔나소시지 1kg,햄/소시지(통조림/병제외)
Batchelors 이집트콩 225g,농산물통조림/병
머거본 국내산 민속 통육포 200 g,조미육가공
리고 땅콩버터 510g,농산물통조림/병
백설 오리지널 비엔나 330g,햄/소시지(통조림/병제외)
COLOR FOODS 레드 리얼칩을 함께 담아 낸 혼합믹스 530g,건식품
조미쥐치포 150g,건포류
맛있는 풍경 바삭한 돌김 16P 32g,해조류
CJ 이츠웰 프리미엄 파인애플 슬라이스 3.062kg,농산물통조림/병
ACHIM 아침닭가슴살 큐브 청양고추 100g(오차범위 ±4.5%),조미육가공
목우촌 닭가슴살 프리미엄 150g,축산물통조림/병
inviva 바나나칩 30g,건식품
건자두 250g,건식품
롯데햄 그때 그 시절 추억의 소시지 165g,햄/소시지(통조림/병제외)
스모크치킨한마리 600g,조미육가공
이마트 파인애플 슬라이스 850g,농산물통조림/병
피코크 유기농 사과 그대로 15g,건식품
성경식품 지도표성경 보성녹차김 60g,해조류
염장미역줄기 200g,해조류
롯데햄 그릴프랑크 화이트 500g,햄/소시지(통조림/병제외)
자연올 블루베리잼 100g,농산물통조림/병
CJ씨푸드 맛있는 실속햄 1kg,햄/소시지(통조림/병제외)
참작 밥에 싸먹는햄 45g,햄/소시지(통조림/병제외)
바로선 목이버섯 350g (±5%),건식품
기장물산 냉채용 기장미역 50g,해조류
오뚜기참치빅캔 살코기 1880g,수산물통조림/병
노브랜드 살코기참치 150g,수산물통조림/병
깔끔하게 매운 자연산골뱅이,수산물통조림/병
동원 참 골뱅이 400g,수산물통조림/병
동원 딸기잼 680g,농산물통조림/병
크리스피 오징어 30g,건포류
설악골 제사포 1마리,건포류
GLUCKS SCHWEIN 닭가슴살 후랑크 청양고추 710g,조미육가공
RichFarm Nuts 마르코나아몬드 260g,건식품
푸드림 황도 410g,농산물통조림/병
동원 자연산 골뱅이 140g,수산물통조림/병
동원 꽁치 280g,수산물통조림/병
다보살구잼 450g,농산물통조림/병
잼이된과일 잼이 된 통포도 370g,농산물통조림/병
동원 순 닭가슴살 90g,축산물통조림/병
오뚜기 오뚜기참치 400g(100g X 4입),수산물통조림/병
동원 F&B 리얼새우봉 500g,햄/소시지(통조림/병제외)
S&W 에스앤더블유 프리미엄 파인애플 청크 385g,농산물통조림/병
쓰리스푼 애플망고 크렌베리잼 200 g,농산물통조림/병
목우촌 통그릴 오리스테이크 125g,조미육가공
동원 쇠고기 육포 100g,조미육가공
EAT EMOTION 오징어는땅콩을좋아해 100g,건포류
스팸 클래식 200g,축산물통조림/병
자엔에서 온 복음자리 자연에서 온 감귤칩 13g,건식품
비비고 한식간장 김자반 50g,해조류
엔네이처 볼비엔나 390g,햄/소시지(통조림/병제외)
DRY&FISH 마른화살오징어(건한치) 120g,건포류
그린 동원참치 살코기,수산물통조림/병
프레시안 햇바삭 토종김(들기름) 30g,해조류
롯데햄 롯데 동그랑땡 450g,햄/소시지(통조림/병제외)
좋은세상 볶음땅콩 230g,건식품
NARA 뿌리채소와 건과일이 들어간 넛츠믹스 550g,건식품
오뚜기 가벼운 참치 고추 135g,수산물통조림/병
Tom's Farm 1982 와사비맛아몬드 30 g,건식품
바로선 아몬드(슬라이스) 250g (±5g),건식품
Toms 김맛아몬드 210g,건식품
로스팜 엔네이처 600g,축산물통조림/병
초이스엘 삼각김밥김,해조류
후레쉬햄오리지널 450 g,햄/소시지(통조림/병제외)
훈제 허브닭가슴살 90g,햄/소시지(통조림/병제외)
살코기 오뚜기참치 540g (135g X 4입),수산물통조림/병
머거본 불닭볶음아몬드 30g,건식품
해맑은푸드 바로먹는 국내산 미쓰 오다리 130g,건포류
사조참치 사조해바라기유참치 100g,수산물통조림/병
카야하우스 프리미엄 카야 브라운 240g,농산물통조림/병
롯데햄 의성마늘햄 100g,햄/소시지(통조림/병제외)
자담선 후르츠키즈넛 15g,건식품
롯데푸드 밀크바나나맛 아몬드와 캐슈넛 160g,건식품
동원참치 김치찌개용 150g,수산물통조림/병
오븐그릴바 300g,햄/소시지(통조림/병제외)
청정원 스트로베리 콩포트 265g,농산물통조림/병
샘표 바로바로 요리하는 우렁이 140g,수산물통조림/병
COLOR FOODS 그린 리얼칩을 함께 담아 낸 혼합믹스 480g,건식품
매일좋은견과 베리앤요거트 280g,건식품
Dole 피치톡 100g,농산물통조림/병
굿모닝너츠 프리미엄 믹스넛 plus 550g,건식품
풀무원 고단백 넛츠바사삭 20g,건식품
K&K 꽁치 하바네로 토마토 조림 100g,수산물통조림/병
"가현김자반 와사비맛 60 g, 2.12oz",해조류
NUTOLOGY 코코넛칩 100g,건식품
오뚜기 햄 340g,햄/소시지(통조림/병제외)
동원 오븐&통그릴 폭찹스테이크 오리지널,햄/소시지(통조림/병제외)
복음자리 빨간맛 딸기청 580g,농산물통조림/병
well fresh 냉동 베리믹스 1kg,건식품
그린자이언트 니블렛 스위트 콘 340g,농산물통조림/병
랭킹닭컴 더프레시 스팀 닭가슴살 카레 400g (100g x 4개),조미육가공
베베푸드 아빠가 만든 김 24g,해조류
코주부 육포 ORIGINAL 100g,조미육가공
honest project 요거트믹스너트 210g,건식품
동원 순닭가슴살 훈제 1080g,축산물통조림/병
더건강한햄 더(The) 건강한햄 클래식 200g,축산물통조림/병
7D 건조망고 100g,건식품
SANGIULIANO 산줄리아노오리지널바베큐폭립 600g,조미육가공
김연구가 박향희 뿌아김새우 30g,해조류
동원참치 동원 정통불고기참치 150g,수산물통조림/병
장수농가 사차인치 250g,건식품
Tom's Farm 1982 우주에서왔니 별빛팡팡아몬드 25g,건식품
오뚜기 새우 아몬드 35g,건식품
SAJO 대림선 숯불구이맛 후랑크3 커플 140g (70g X 2개),햄/소시지(통조림/병제외)
씨를뺀건자두 550g,건식품
건청포도 500 g,건식품
Dole 돌 파인애플 슬라이스 (DOLE PINEAPPLE SLICES IN HEAVY SYRUP) 432g,농산물통조림/병
뚝딱참치 데리야끼 100g,수산물통조림/병
머거본 오감 오징어미트스틱 50g,조미육가공
오양 톡소시지 70g,햄/소시지(통조림/병제외)
오뚜기 백도 400g,농산물통조림/병
동원알래스카연어살코기 135g,수산물통조림/병
건국햄 베이컨 500g,햄/소시지(통조림/병제외)
동원 지중해황도 410g,농산물통조림/병
광천올리브유로구운돌김 3매,해조류
좋은세상 불고기오징어 50g,건포류
유가원 유기농 참깨 아몬드 100g,건식품
직화구이 왕꼬마쥐포,건포류
프레시안 더(The) 건강한 그릴비엔나 닭가슴살 200g,햄/소시지(통조림/병제외)
작은행복 산딸기잼 580g,농산물통조림/병
소금이 전혀 없는 통영굴김 48g,해조류
DHA진미오징어채 250 g,건포류
광천맛김 파래광천누리김 25g,해조류
HBAF 당근케이크아몬드 120g,건식품
하림 하얀속살 슬림닭가슴살 80g,축산물통조림/병
동서 리치스 홀 커널 스위트 콘 2950g,농산물통조림/병
ONLY price 깔끔하게 짜먹는 딸기잼 550g,농산물통조림/병
BEBECOOK 처음먹는 까망소시지 300g,햄/소시지(통조림/병제외)
유동 1초골뱅이 매콤 140g,수산물통조림/병
삼아씨에프 황도 400g,농산물통조림/병
EN FOOD 이엔 하나 골드 가쓰오부시 50g,건포류
조선호텔 소 불고기 530g,조미육가공
후룻볼 복숭아 452g,농산물통조림/병
롯데햄 라퀴진 베이컨 300g,조미육가공
오뚜기 옛날다시마 100 g,해조류
PORK SKIN SNACK 돼지 껍데기 스낵 숯불바베큐맛 50g,조미육가공
캠프렌즈 콤비부어스트페스티벌 525g,햄/소시지(통조림/병제외)
광천 재래김 64g,해조류
OZDAY 오즈데이 볶음 아몬드 750 450g,건식품
해맑은 초록초록 파래가루 20g,건식품
샘표 우리엄마 닭가슴살 데리야끼 90g,축산물통조림/병
델립 켄터키후랑크 1kg,햄/소시지(통조림/병제외)
세움 믹스블럭 800g,건식품
프레시안 햇바삭 토종김(참기름) 60g,해조류
혜성 홍삼 오리훈제 400g,조미육가공
한살림 황태바삭 매콤한 맛 25g,건포류
지도표 재래식 성경 식탁김 48g,해조류
동원 판타스틱 오리지널 80g,조미육가공
구운 아몬드 25g,건식품
롯데햄 롯데 알뜰비엔나 570g,햄/소시지(통조림/병제외)
샘표 우리엄마 고추장고기볶음 95g,축산물통조림/병
동원 한그릇뚝딱 마늘맛소세지 160g,햄/소시지(통조림/병제외)
"Live FRUITS 애플망고 슬라이스 인 망고쥬스 370g (고형량:220g), NET WT. 13 oz",농산물통조림/병
진주햄 프리미엄 명품포크소시지 350g,햄/소시지(통조림/병제외)
사브작 레드페퍼 스테이크 육포 90g,조미육가공
사조 자연산골뱅이 400g,수산물통조림/병
동원 복숭아 (황도) 400g,농산물통조림/병
목우촌 원칙을 지키는 살코기베이컨 100g,햄/소시지(통조림/병제외)
돌 필리핀 돌 트로피칼 후룻 샐러드 115g,농산물통조림/병
Bonne Maman 본마망 살구잼 370g,농산물통조림/병
복음자리 한라봉 & 감귤잼 1020g,농산물통조림/병
동원 고추참치 150g,수산물통조림/병
캔딜라스 살구잼 230g,농산물통조림/병
복음자리딸기잼 860g,농산물통조림/병
"먹었다.초록향에 반했다.송화,표고버섯",건식품
동원 리챔 트러플 200g X 3개입,축산물통조림/병
사조 한돈 부어스트 910g,햄/소시지(통조림/병제외)
Tom's Farm 1982 단팥맛아몬드 200g,건식품
다향 오리대패겹살 600g,조미육가공
양반 달이 키운 김 60g,해조류
델립 와인을 넣어 부드러운 마늘햄 130g,햄/소시지(통조림/병제외)
캠프렌즈 미니윈너 280g,햄/소시지(통조림/병제외)
츄앤디저트 무화과호두 49g,건식품
오뚜기 딸기쨈 500g,농산물통조림/병
PEACOCK organic 유기농 딸기 담은 짜먹는 잼 100g,농산물통조림/병
스팸 클래식 340g,축산물통조림/병
하루견과 프리미엄믹스 250g,건식품
프레시안 더(THE) 건강한 김밥햄 280g,햄/소시지(통조림/병제외)
사조참치 사조살코기참치 안심따개 150g,수산물통조림/병
롯데 아몬드 스모크맛 너트클럽 135g,건식품
쿠캣 쫄깃오리주물럭 250g,조미육가공
머거본 불타는칼몬드 100g,건식품
대림선 숯불구이맛 후랑크2 70g,햄/소시지(통조림/병제외)
베레타 판세타 슬라이스 85g,햄/소시지(통조림/병제외)
nuts & berries 구운헤이즐넛 320 g,건식품
염장다시마 200g,해조류
HBAF 체리쥬빌레아몬드 120g,건식품
류씨네 건고추 500g,건식품
피코크 유기농 배 그대로 15g,건식품
동원참치 살코기 150g,수산물통조림/병
동표을지로골뱅이 230g,수산물통조림/병
대경햄 핫페파로니 1kg,햄/소시지(통조림/병제외)
"마니커에프앤지 동대문식 닭한마리 특별기획 세트 닭한마리 1,300 g, 칼국수 160 g, 겨자간장소스 50 g",조미육가공
오뚜기 후렌치 후라이드 아몬드 135g,건식품
명품재래김 96g,해조류
SAJO 사조안심따개살코기참치 255g,수산물통조림/병
쉐프솔루션 백설샌드위치햄 500g,햄/소시지(통조림/병제외)
청정원 참나무로 훈연한 베이컨 360g,햄/소시지(통조림/병제외)
사조대림 캠프&하우스 칼집그릴비엔나 280g,햄/소시지(통조림/병제외)
Elephant 만다린오렌지 3000g (고형량 : 1700g),농산물통조림/병
햇마루 가마솥야채순대 400g,조미육가공
엄마가 선택한 맛있는돌김 16g,해조류
아이배냇 꼬마 육포 카레 30g,조미육가공
Sun DIAMOND 골드펀믹스 1000g,건식품
청정원 cuisine 트리플베리 딸기쨈 370g,농산물통조림/병
오뚜기 토마토 페이스트 3.15kg,농산물통조림/병
펭귄황도슬라이스 400g,농산물통조림/병
부드러운 오징어 훈제 66g,건포류
오뚜기 mini블루베리쨈 150g,농산물통조림/병
Homeplus Signature 순수 국물용 멸치팩 200 g,건포류
사조참치 사조 더매운 고추참치 100g,수산물통조림/병
Lotus 로투스 스프레드 크런치 380g,농산물통조림/병
동원 상상육포 오리지널 50g,조미육가공
하루견과 250g,건식품
BLUE DIAMOND 꿀땅콩 90g,건식품
동원 오븐&통그릴 폭찹스테이크 오리지널 280g,햄/소시지(통조림/병제외)
SACLA 사클라자이언트올리브 560g,농산물통조림/병
신성건해 볶음용 멸치 150g,건포류
sajo 사조안심따개 찌개전용참치 255g,수산물통조림/병
진심의작품 복음자리 복음자리 마멀레이드잼 360g,농산물통조림/병
백진미 오징어 1kg,건포류
POPKIM(팝김) 슈퍼견과가 쏙쏙 김자반 150g,해조류
기름에 굽지 않은 순살코기 쥐포구이 350g,건포류
오뚜기 꽁치 400g,수산물통조림/병
SAJO 사조살코기참치 안심따개 150 g X 4캔,수산물통조림/병
Khao Shong Nuts 카오숑 와사비 완두콩 120g,건식품
eat emotion 기름에 굽지않은 순살코기 쥐포구이 180g,건포류
노가리 먹태 35g 이상,건포류
로하이 부어스트콤비네이션 385g,햄/소시지(통조림/병제외)
올품 엄나무삼계탕 900g,조미육가공
동원에프앤비 리챔 오리지널 300g,햄/소시지(통조림/병제외)
매운맛빠삭포 60g,건포류
롯데푸드 K 로스팜 340g,축산물통조림/병
대림선 야채시대 김밥어묵 150g,햄/소시지(통조림/병제외)
DONGWON 동원 펭수참치 135g X 3,수산물통조림/병
배칩 18g,건식품
바삭한 오징어 50g,건포류
머거본 티라미수맛땅콩 110g,건식품
풀무원 자른 진국미역 50g,해조류
동원 황도(슬라이스) 400g,농산물통조림/병
믹스넛 스토리 1kg,건식품
목우촌 BT21 바질페스토 소시지 240g,햄/소시지(통조림/병제외)
다디단반건시 200g,건식품
동원 동원참치 큐브 매콤고추 160g,수산물통조림/병
동원 야채참치 150g,수산물통조림/병
무항생제 닭볶음용 1000g,조미육가공
원더풀 피스타치오 150g,건식품
목우촌 프라임 목우촌 프라임베이컨 120g,햄/소시지(통조림/병제외)
동원 정통불고기참치,수산물통조림/병
광천원김 파래김 5g,해조류
사조참치 사조 고급참치 한정판 456g,수산물통조림/병
동원 심야식당 숯불닭꼬치 170g,조미육가공
롯데햄 라퀴진 로스트햄 190g,햄/소시지(통조림/병제외)
백설햄 비엔나 250g,햄/소시지(통조림/병제외)
두번 구워 더 맛있는 구운 김밥김 20g,해조류
ALLOS 알로스 유기농 포레스트 프룻 잼 250g,농산물통조림/병
들기름향파래구이김 48g,해조류
허니버터브라질넛 130g,건식품
동원 포차꽁치 직화양념,수산물통조림/병
오뚜기 후레시햄 200g,축산물통조림/병
아워홈 후레쉬햄 오리지널 200g,축산물통조림/병
존쿡 바이스부어스트 350g,햄/소시지(통조림/병제외)
잼있는 쨈마을 짜먹는 딸기잼 260g,농산물통조림/병
Sun·Q 베이크드빈스 2700g,농산물통조림/병
honest project 너트한줌[SWEET] 25g,건식품
해빗 감귤 말랭이 30g,건식품
동원골든스위트콘 340g,농산물통조림/병
롯데 의성마늘 너비아니 600g,햄/소시지(통조림/병제외)
해표김(와사비맛) 2g,해조류
청정원 건강생각 햄 300g,햄/소시지(통조림/병제외)
프리미엄 한봉견과 600g,건식품
